domain,component_id,element_count,bbox,material,section,continuous_seepage,leaf_sets,neighboring_component,physical_gap_m,classification,classification_basis
integrated_foundation_domain,1,6242,"-600.000000000,-1000.000000000,2600.000000000;900.000000000,-700.000000000,3352.400000000",P2_QUARTZITE,GEO_LEFT_P2_QUARTZ_SANDSTONE,NO,EXISTING_GEOLOGY_LEAF_SETS,2,0.000000000,INTENDED_SEPARATE_DOMAIN,source geology audit marks P2 quartzite as physically separate
integrated_foundation_domain,2,380972,"-600.000000000,-700.000000000,2600.000000000;900.000000000,150.000000000,3113.600000000",FRESH_GRANITE;Q2FGL_I;Q2FGL_II;Q2FGL_III;Q2FGL_IV;Q2FGL_V;Q3AL_I;Q3AL_II;Q3AL_III;Q3AL_IV1;Q3AL_IV2;Q4AL_SGR1;Q4DEL,GEO_LEFT_FOUNDATION_GRANITE;GEO_LEFT_L01_Q4DEL;GEO_LEFT_L03_Q4AL_SGR1;GEO_LEFT_L05_Q3AL_IV2;GEO_LEFT_L06_Q3AL_IV1;GEO_LEFT_L07_Q3AL_III;GEO_LEFT_L08_Q3AL_II;GEO_LEFT_L09_Q3AL_I;GEO_LEFT_L10_Q2FGL_V;GEO_LEFT_L11_Q2FGL_IV;GEO_LEFT_L12_Q2FGL_III;GEO_LEFT_L13_Q2FGL_II;GEO_LEFT_L14_Q2FGL_I,YES,EXISTING_GEOLOGY_LEAF_SETS;INTEGRATED_BACKFILL,1,0.000000000,DIFFERENT_MATERIAL_CONFORMAL_INTERFACE,measured Y-station interface; component contains multiple explicit geological materials; no forced component merge
integrated_foundation_domain,3,4,"-10.000000000,15.000000000,3036.880000000;-8.000000000,20.000000000,3041.720000000",Q3AL_IV2,GEO_LEFT_L05_Q3AL_IV2,NO,EXISTING_GEOLOGY_LEAF_SETS,2,0.000000000,EXTERNAL_BOUNDARY,four-element Q3AL_IV2 island has no positive-volume overlap or exact host-face evidence
integrated_foundation_domain,4,134967,"-600.000000000,150.000000000,2600.000000000;900.000000000,445.000000000,3060.710000000",FRESH_GRANITE;Q2FGL_I;Q2FGL_II;Q2FGL_III;Q2FGL_IV;Q2FGL_V;Q3AL_I;Q3AL_II;Q3AL_III;Q3AL_IV1;Q3AL_IV2;Q4AL_SGR2;ROCK_DEEP_UNLOADED;ROCK_STRONG_UNLOADED;ROCK_WEAK_UNLOADED,GEO_RIVER_FRESH_GRANITE;GEO_RIVER_R02_Q4AL_SGR2;GEO_RIVER_R05_Q3AL_IV2;GEO_RIVER_R06_Q3AL_IV1;GEO_RIVER_R07_Q3AL_III;GEO_RIVER_R08_Q3AL_II;GEO_RIVER_R09_Q3AL_I;GEO_RIVER_R10_Q2FGL_V;GEO_RIVER_R11_Q2FGL_IV;GEO_RIVER_R12_Q2FGL_III;GEO_RIVER_R13_Q2FGL_II;GEO_RIVER_R14_Q2FGL_I;GEO_RIVER_ROCK_DEEP_UNLOADED;GEO_RIVER_ROCK_STRONG_UNLOADED;GEO_RIVER_ROCK_WEAK_UNLOADED,YES,EXISTING_GEOLOGY_LEAF_SETS,2,0.000000000,DIFFERENT_MATERIAL_CONFORMAL_INTERFACE,measured Y-station interface; component contains multiple explicit geological materials; no forced component merge
integrated_foundation_domain,5,69128,"-600.000000000,445.000000000,2600.000000000;900.000000000,850.000000000,3426.400000000",FRESH_GRANITE;Q3AL_V;Q4DEL;ROCK_DEEP_UNLOADED;ROCK_STRONG_UNLOADED;ROCK_WEAK_UNLOADED,GEO_RIGHT_FRESH_GRANITE;GEO_RIGHT_HIGH_TERRACE_COVER;GEO_RIGHT_Q4_COLLUVIAL;GEO_RIGHT_R04_Q3AL_V;GEO_RIGHT_ROCK_DEEP_UNLOADED;GEO_RIGHT_ROCK_STRONG_UNLOADED;GEO_RIGHT_ROCK_WEAK_UNLOADED,YES,EXISTING_GEOLOGY_LEAF_SETS,4,0.000000000,DIFFERENT_MATERIAL_CONFORMAL_INTERFACE,measured Y-station interface; component contains multiple explicit geological materials; no forced component merge
integrated_foundation_domain,6,2,"-70.850000000,-245.700000000,3056.500000000;-66.750000000,-156.000000000,3059.000000000",UNRESOLVED,UNRESOLVED,NO,INTEGRATED_BACKFILL,2,0.000000000,EXTERNAL_BOUNDARY,terminal integrated backfill cell; no full-face host contact in final exact-face sweep
integrated_foundation_domain,7,1,"-66.750000000,-245.700000000,3056.485000000;-64.000000000,-160.000000000,3059.000000000",UNRESOLVED,UNRESOLVED,NO,INTEGRATED_BACKFILL,2,0.000000000,EXTERNAL_BOUNDARY,terminal integrated backfill cell; no full-face host contact in final exact-face sweep
integrated_foundation_domain,8,1,"-64.000000000,-245.700000000,3056.470000000;-61.750000000,-160.000000000,3059.000000000",UNRESOLVED,UNRESOLVED,NO,INTEGRATED_BACKFILL,2,0.000000000,EXTERNAL_BOUNDARY,terminal integrated backfill cell; no full-face host contact in final exact-face sweep
integrated_foundation_domain,9,1,"-64.000000000,-135.000000000,3053.550000000;-61.750000000,-122.000000000,3056.465000000",UNRESOLVED,UNRESOLVED,NO,INTEGRATED_BACKFILL,2,0.000000000,EXTERNAL_BOUNDARY,terminal integrated backfill cell; no full-face host contact in final exact-face sweep
integrated_foundation_domain,10,1,"-61.750000000,-245.700000000,3056.455000000;-59.500000000,-160.000000000,3059.000000000",UNRESOLVED,UNRESOLVED,NO,INTEGRATED_BACKFILL,2,0.000000000,EXTERNAL_BOUNDARY,terminal integrated backfill cell; no full-face host contact in final exact-face sweep
integrated_foundation_domain,11,2,"-59.500000000,-245.700000000,3056.425000000;-55.850000000,-156.000000000,3059.000000000",UNRESOLVED,UNRESOLVED,NO,INTEGRATED_BACKFILL,2,0.000000000,EXTERNAL_BOUNDARY,terminal integrated backfill cell; no full-face host contact in final exact-face sweep
