Instance,Part,Element count,C3D8 bad count,Min Jacobian,Max Jacobian,Volume status,Status
P25_SOLID_DRAINAGE_BODY_F00-1,P25_SOLID_DRAINAGE_BODY_F00,518,0,2.029004223,7.488567853,ALL_POSITIVE,PASS
P25_SOLID_FILTER_LAYER_F01-1,P25_SOLID_FILTER_LAYER_F01,1480,0,1.352537194,1.824897105,ALL_POSITIVE,PASS
P25_SOLID_DAM_SHELL_GRAVEL_F02-1,P25_SOLID_DAM_SHELL_GRAVEL_F02,4292,0,1.845778797,11.160543641,ALL_POSITIVE,PASS
P25_SOLID_DRAINAGE_BODY_F03-1,P25_SOLID_DRAINAGE_BODY_F03,1184,0,2.516205171,3.737690844,ALL_POSITIVE,PASS
P25_SOLID_DAM_SHELL_GRAVEL_F06-1,P25_SOLID_DAM_SHELL_GRAVEL_F06,1702,0,2.362603478,8.779373274,ALL_POSITIVE,PASS
P25_SOLID_DAM_SHELL_GRAVEL_F08-1,P25_SOLID_DAM_SHELL_GRAVEL_F08,1628,0,0.981149914,3.995367716,ALL_POSITIVE,PASS
P25_SOLID_MAIN_ROCKFILL_F09-1,P25_SOLID_MAIN_ROCKFILL_F09,1998,0,2.847672263,12.088750596,ALL_POSITIVE,PASS
P25_SOLID_UPSTREAM_GRAVEL_FILL_F10-1,P25_SOLID_UPSTREAM_GRAVEL_FILL_F10,1036,0,1.775910893,6.036057121,ALL_POSITIVE,PASS
P25_SOLID_MAIN_ROCKFILL_F11-1,P25_SOLID_MAIN_ROCKFILL_F11,444,0,3.805482782,6.491505123,ALL_POSITIVE,PASS
P25_SOLID_IMPERMEABLE_FILL_F12-1,P25_SOLID_IMPERMEABLE_FILL_F12,1110,0,2.446921209,3.687975000,ALL_POSITIVE,PASS
P25_SOLID_CUTOFF_WALL_F13-1,V15_5_REFINED_P25_SOLID_CUTOFF_WALL_F13_1,31376,0,0.058515000,0.062312500,ALL_POSITIVE,PASS
V12_UPSTREAM_GEOMEMBRANE-1,V15_5_REFINED_V12_UPSTREAM_GEOMEMBRANE_1,2400,0,0.171970277,0.287625000,ALL_POSITIVE,PASS
V15_4_POWERHOUSE_UNIT_01_I,V15_4_POWERHOUSE_UNIT_01,9434,0,0.121523375,0.927724000,ALL_POSITIVE,PASS
V15_4_POWERHOUSE_UNIT_02_I,V15_4_POWERHOUSE_UNIT_02,9434,0,0.121523375,0.927724000,ALL_POSITIVE,PASS
V15_4_POWERHOUSE_UNIT_03_I,V15_4_POWERHOUSE_UNIT_03,9434,0,0.121523375,0.927724000,ALL_POSITIVE,PASS
V15_4_POWERHOUSE_UNIT_04_I,V15_4_POWERHOUSE_UNIT_04,9434,0,0.121523375,0.927724000,ALL_POSITIVE,PASS
V15_4_POWERHOUSE_INSTALLATION_BAY_I,V15_4_POWERHOUSE_INSTALLATION_BAY,3462,0,0.687935742,0.944444500,ALL_POSITIVE,PASS
V15_4_TAILWATER_CHANNEL_I,V15_4_TAILWATER_CHANNEL,1798,0,0.612804400,0.620965845,ALL_POSITIVE,PASS
V15_4_TAILWATER_RIVERBED_I,V15_4_TAILWATER_RIVERBED,702,0,7.850598000,7.854561000,ALL_POSITIVE,PASS
V15_4_TAILWATER_LEFT_RETAINING_WALL_I,V15_4_TAILWATER_LEFT_RETAINING_WALL,1694,0,0.995000000,1.000000000,ALL_POSITIVE,PASS
V15_4_TAILWATER_DOWNSTREAM_RIVERBED_I,V15_4_TAILWATER_DOWNSTREAM_RIVERBED,360,0,23.865000000,23.870000000,ALL_POSITIVE,PASS
V15_4_SPILLWAY_INTERMEDIATE_PIER_01_I,V15_4_SPILLWAY_INTERMEDIATE_PIER_01,960,0,0.369140625,0.369140625,ALL_POSITIVE,PASS
V15_4_SPILLWAY_INTERMEDIATE_PIER_02_I,V15_4_SPILLWAY_INTERMEDIATE_PIER_02,720,0,0.492187500,0.492187500,ALL_POSITIVE,PASS
V15_4_SPILLWAY_INTERMEDIATE_PIER_03_I,V15_4_SPILLWAY_INTERMEDIATE_PIER_03,720,0,0.492187500,0.492187500,ALL_POSITIVE,PASS
V15_4_SPILLWAY_INTERMEDIATE_PIER_04_I,V15_4_SPILLWAY_INTERMEDIATE_PIER_04,720,0,0.492187500,0.492187500,ALL_POSITIVE,PASS
V15_4_SPILLWAY_INTERMEDIATE_PIER_05_I,V15_4_SPILLWAY_INTERMEDIATE_PIER_05,720,0,0.492187500,0.492187500,ALL_POSITIVE,PASS
V15_4_SPILLWAY_INTERMEDIATE_PIER_06_I,V15_4_SPILLWAY_INTERMEDIATE_PIER_06,720,0,0.492187500,0.492187500,ALL_POSITIVE,PASS
V15_4_SPILLWAY_INTERMEDIATE_PIER_07_I,V15_4_SPILLWAY_INTERMEDIATE_PIER_07,720,0,0.492187500,0.492187500,ALL_POSITIVE,PASS
V15_4_SPILLWAY_LEFT_ABUTMENT_I,V15_4_SPILLWAY_LEFT_ABUTMENT,1280,0,0.449890137,0.449890137,ALL_POSITIVE,PASS
V15_4_SPILLWAY_RIGHT_ABUTMENT_I,V15_4_SPILLWAY_RIGHT_ABUTMENT,2240,0,0.479882812,0.479882813,ALL_POSITIVE,PASS
V15_4_SPILLWAY_LINTEL_01_I,V15_4_SPILLWAY_LINTEL_01,1260,0,0.495208250,0.495208500,ALL_POSITIVE,PASS
V15_4_SPILLWAY_LINTEL_02_I,V15_4_SPILLWAY_LINTEL_02,1260,0,0.495208250,0.495208500,ALL_POSITIVE,PASS
V15_4_SPILLWAY_LINTEL_03_I,V15_4_SPILLWAY_LINTEL_03,1260,0,0.495208250,0.495208500,ALL_POSITIVE,PASS
V15_4_SPILLWAY_LINTEL_04_I,V15_4_SPILLWAY_LINTEL_04,1260,0,0.495208250,0.495208500,ALL_POSITIVE,PASS
V15_4_SPILLWAY_LINTEL_05_I,V15_4_SPILLWAY_LINTEL_05,1260,0,0.495208250,0.495208500,ALL_POSITIVE,PASS
V15_4_SPILLWAY_LINTEL_06_I,V15_4_SPILLWAY_LINTEL_06,1260,0,0.495208250,0.495208500,ALL_POSITIVE,PASS
V15_4_SPILLWAY_LINTEL_07_I,V15_4_SPILLWAY_LINTEL_07,1260,0,0.495208250,0.495208500,ALL_POSITIVE,PASS
V15_4_SPILLWAY_LINTEL_08_I,V15_4_SPILLWAY_LINTEL_08,1260,0,0.495208250,0.495208500,ALL_POSITIVE,PASS
V15_4_SPILLWAY_CHUTE_SLAB_I,V15_4_SPILLWAY_CHUTE_SLAB,2730,0,0.309294871,0.309294873,ALL_POSITIVE,PASS
V15_4_SPILLWAY_STILLING_BASIN_I,V15_4_SPILLWAY_STILLING_BASIN,8385,0,0.384820349,0.384820366,ALL_POSITIVE,PASS
V15_4_SPILLWAY_DOWNSTREAM_PROTECTION_I,V15_4_SPILLWAY_DOWNSTREAM_PROTECTION,9360,0,0.773237178,0.773237181,ALL_POSITIVE,PASS
V15_4_ECO_RELEASE_BASE_I,V15_4_ECO_RELEASE_BASE,1820,0,0.167410637,0.167410819,ALL_POSITIVE,PASS
V15_4_ECO_RELEASE_LEFT_I,V15_4_ECO_RELEASE_LEFT_PIER,2520,0,0.093750000,0.093750000,ALL_POSITIVE,PASS
V15_4_ECO_RELEASE_CENTRAL_I,V15_4_ECO_RELEASE_CENTRAL_PIER,2100,0,0.093750000,0.093750000,ALL_POSITIVE,PASS
V15_4_ECO_RELEASE_RIGHT_I,V15_4_ECO_RELEASE_RIGHT_PIER,2100,0,0.075000000,0.075000000,ALL_POSITIVE,PASS
V15_4_ECO_RELEASE_LINTEL_01_I,V15_4_ECO_RELEASE_LINTEL_01,1600,0,0.093750000,0.093750000,ALL_POSITIVE,PASS
V15_4_ECO_RELEASE_LINTEL_02_I,V15_4_ECO_RELEASE_LINTEL_02,1600,0,0.093750000,0.093750000,ALL_POSITIVE,PASS
V15_4_ECO_RELEASE_TOP_CAP_I,V15_4_ECO_RELEASE_TOP_CAP,572,0,0.087412587,0.087412589,ALL_POSITIVE,PASS
V15_4_ECO_RELEASE_APPROACH_SLAB_I,V15_4_ECO_RELEASE_APPROACH_SLAB,2080,0,0.180288461,0.180288463,ALL_POSITIVE,PASS
V15_4_ECO_RELEASE_OUTLET_SLAB_I,V15_4_ECO_RELEASE_OUTLET_SLAB,338,0,0.060096154,0.060096154,ALL_POSITIVE,PASS
V15_4_ECO_RELEASE_LINK_TO_BASIN_I,V15_4_ECO_RELEASE_LINK_TO_BASIN,260,0,0.060937500,0.060937500,ALL_POSITIVE,PASS
V15_4_LEFT_BANK_SUBDAM_I,V15_4_LEFT_BANK_SUBDAM,2280,0,0.606219548,1.093750000,ALL_POSITIVE,PASS
V15_4_FISHWAY_I,V15_4_FISHWAY,4164,0,0.061760144,0.156250000,ALL_POSITIVE,PASS
V15_4_FISHWAY_OUTLET_CHAMBER_I,V15_4_FISHWAY_OUTLET_CHAMBER,400,0,0.062500000,0.125000000,ALL_POSITIVE,PASS
V15_4_FISHWAY_UPSTREAM_OUTLET_I,V15_4_FISHWAY_UPSTREAM_OUTLET,760,0,0.123585525,0.123585538,ALL_POSITIVE,PASS
V15_4_POWERHOUSE_SEDIMENT_FLUSHING_OUTLET_01_I,V15_4_POWERHOUSE_SEDIMENT_FLUSHING_OUTLET_01,1760,0,0.015625000,0.062500000,ALL_POSITIVE,PASS
V15_4_POWERHOUSE_SEDIMENT_FLUSHING_OUTLET_02_I,V15_4_POWERHOUSE_SEDIMENT_FLUSHING_OUTLET_02,1760,0,0.015625000,0.062500000,ALL_POSITIVE,PASS
V15_7_FOUNDATION_GEOLOGY_I,V15_7_FOUNDATION_GEOLOGY,591321,0,0.095735845,140159.699176714,ALL_POSITIVE,PASS
V15_13_ANTI_SEEPAGE_CHAIN_I,V15_13_ANTI_SEEPAGE_CHAIN,10,0,26.492041765,420.068368065,ALL_POSITIVE,PASS
