instance,part_name,v15_8_bbox,v15_9_bbox,changed,reason,source_basis,v15_8_nodes,v15_9_nodes,v15_8_elements,v15_9_elements,status
P25_SOLID_DRAINAGE_BODY_F00-1,P25_SOLID_DRAINAGE_BODY_F00,"25.475100,3055.000000,0.000000;42.000000,3062.040000,295.000000","25.475100,3055.000000,0.000000;42.000000,3062.040000,295.000000",NO,preserved V15.8 geometry outside correction scope,V15.8 geometry retained,975,975,518,518,PASS
P25_SOLID_FILTER_LAYER_F01-1,P25_SOLID_FILTER_LAYER_F01,"-20.815100,3055.000000,0.000000;26.061800,3075.800000,295.000000","-20.815100,3055.000000,0.000000;26.061800,3075.800000,295.000000",NO,preserved V15.8 geometry outside correction scope,V15.8 geometry retained,2625,2625,1480,1480,PASS
P25_SOLID_DAM_SHELL_GRAVEL_F02-1,P25_SOLID_DAM_SHELL_GRAVEL_F02,"-28.500000,3057.780000,0.000000;29.937300,3077.650000,295.000000","-28.500000,3057.780000,0.000000;29.937300,3077.650000,295.000000",NO,preserved V15.8 geometry outside correction scope,V15.8 geometry retained,5850,5850,4292,4292,PASS
P25_SOLID_DRAINAGE_BODY_F03-1,P25_SOLID_DRAINAGE_BODY_F03,"-19.817200,3055.930000,0.000000;27.235800,3075.800000,295.000000","-19.817200,3055.930000,0.000000;27.235800,3075.800000,295.000000",NO,preserved V15.8 geometry outside correction scope,V15.8 geometry retained,2550,2550,1184,1184,PASS
P25_SOLID_DAM_SHELL_GRAVEL_F06-1,P25_SOLID_DAM_SHELL_GRAVEL_F06,"-34.500000,3055.870000,0.000000;-10.493100,3071.660000,295.000000","-34.500000,3055.870000,0.000000;-10.493100,3071.660000,295.000000",NO,preserved V15.8 geometry outside correction scope,V15.8 geometry retained,2400,2400,1702,1702,PASS
P25_SOLID_DAM_SHELL_GRAVEL_F08-1,P25_SOLID_DAM_SHELL_GRAVEL_F08,"-34.500000,3055.000000,0.000000;44.486400,3079.500000,295.000000","-34.500000,3055.000000,0.000000;44.486400,3079.500000,295.000000",NO,preserved V15.8 geometry outside correction scope,V15.8 geometry retained,3375,3375,1628,1628,PASS
P25_SOLID_MAIN_ROCKFILL_F09-1,P25_SOLID_MAIN_ROCKFILL_F09,"-72.341900,3057.780000,0.000000;-36.500000,3071.660000,295.000000","-72.341900,3057.780000,0.000000;-36.500000,3071.660000,295.000000",NO,preserved V15.8 geometry outside correction scope,V15.8 geometry retained,2775,2775,1998,1998,PASS
P25_SOLID_UPSTREAM_GRAVEL_FILL_F10-1,P25_SOLID_UPSTREAM_GRAVEL_FILL_F10,"-80.500000,3058.070000,0.000000;-50.627500,3063.390000,295.000000","-80.500000,3058.070000,0.000000;-50.627500,3063.390000,295.000000",NO,preserved V15.8 geometry outside correction scope,V15.8 geometry retained,1575,1575,1036,1036,PASS
P25_SOLID_MAIN_ROCKFILL_F11-1,P25_SOLID_MAIN_ROCKFILL_F11,"-87.500000,3058.700000,0.000000;-66.000000,3067.030000,295.000000","-87.500000,3058.700000,0.000000;-66.000000,3067.030000,295.000000",NO,preserved V15.8 geometry outside correction scope,V15.8 geometry retained,900,900,444,444,PASS
P25_SOLID_IMPERMEABLE_FILL_F12-1,P25_SOLID_IMPERMEABLE_FILL_F12,"-90.500000,3059.170000,0.000000;-36.500000,3073.510000,295.000000","-90.500000,3059.170000,0.000000;-36.500000,3073.510000,295.000000",NO,preserved V15.8 geometry outside correction scope,V15.8 geometry retained,2325,2325,1110,1110,PASS
P25_SOLID_CUTOFF_WALL_F13-1,V15_5_REFINED_P25_SOLID_CUTOFF_WALL_F13_1,"-36.000000,3021.000000,0.000000;-35.000000,3073.510000,295.000000","-36.000000,3021.000000,0.000000;-35.000000,3073.510000,295.000000",NO,preserved V15.8 geometry outside correction scope,V15.8 geometry retained,48411,48411,31376,31376,PASS
V12_UPSTREAM_GEOMEMBRANE-1,V15_5_REFINED_V12_UPSTREAM_GEOMEMBRANE_1,"-90.500000,150.000000,3055.000000;-35.500000,445.000000,3073.510000","-90.500000,150.000000,3055.000000;-35.500000,445.000000,3073.510000",NO,preserved V15.8 geometry outside correction scope,V15.8 geometry retained,5050,5050,2400,2400,PASS
V15_4_POWERHOUSE_UNIT_01_I,V15_4_POWERHOUSE_UNIT_01,"-30.000000,-122.000000,3029.700000;26.500000,-95.350000,3081.000000","-30.000000,-122.000000,3029.700000;26.500000,-95.350000,3081.000000",NO,preserved V15.8 geometry outside correction scope,V15.8 geometry retained,13656,13656,9434,9434,PASS
V15_4_POWERHOUSE_UNIT_02_I,V15_4_POWERHOUSE_UNIT_02,"-30.000000,-95.350000,3029.700000;26.500000,-68.700000,3081.000000","-30.000000,-95.350000,3029.700000;26.500000,-68.700000,3081.000000",NO,preserved V15.8 geometry outside correction scope,V15.8 geometry retained,13656,13656,9434,9434,PASS
V15_4_POWERHOUSE_UNIT_03_I,V15_4_POWERHOUSE_UNIT_03,"-30.000000,-68.700000,3029.700000;26.500000,-42.050000,3081.000000","-30.000000,-68.700000,3029.700000;26.500000,-42.050000,3081.000000",NO,preserved V15.8 geometry outside correction scope,V15.8 geometry retained,13656,13656,9434,9434,PASS
V15_4_POWERHOUSE_UNIT_04_I,V15_4_POWERHOUSE_UNIT_04,"-30.000000,-42.050000,3029.700000;26.500000,-15.400000,3081.000000","-30.000000,-42.050000,3029.700000;26.500000,-15.400000,3081.000000",NO,preserved V15.8 geometry outside correction scope,V15.8 geometry retained,13656,13656,9434,9434,PASS
V15_4_POWERHOUSE_INSTALLATION_BAY_I,V15_4_POWERHOUSE_INSTALLATION_BAY,"-64.000000,-122.000000,3056.470000;-30.000000,-15.400000,3079.000000","-64.000000,-156.000000,3056.465000;-7.500000,-122.000000,3079.000000",YES,source installation bay: Y length 34 m; foundation width follows 56.5 m powerhouse width; upper room width 20 m,source installation bay: Y length 34 m; foundation width follows 56.5 m powerhouse width; upper room width 20 m,20652,4500,14094,3462,PASS
V15_4_TAILWATER_CHANNEL_I,V15_4_TAILWATER_CHANNEL,"26.500000,-87.000000,3036.100000;180.500000,-15.400000,3053.000000","26.500000,-87.000000,3036.100000;180.500000,-15.400000,3053.000000",NO,preserved V15.8 geometry outside correction scope,V15.8 geometry retained,3780,3780,1798,1798,PASS
V15_4_TAILWATER_RIVERBED_I,V15_4_TAILWATER_RIVERBED,"26.500000,-87.000000,3032.100000;180.500000,-15.400000,3052.200000","26.500000,-87.000000,3032.100000;180.500000,-15.400000,3052.200000",NO,preserved V15.8 geometry outside correction scope,V15.8 geometry retained,1520,1520,702,702,PASS
V15_4_TAILWATER_LEFT_RETAINING_WALL_I,V15_4_TAILWATER_LEFT_RETAINING_WALL,"26.500000,-92.500000,3036.100000;180.500000,-88.500000,3058.000000","26.500000,-92.500000,3036.100000;180.500000,-88.500000,3058.000000",NO,preserved V15.8 geometry outside correction scope,V15.8 geometry retained,2808,2808,1694,1694,PASS
V15_4_TAILWATER_DOWNSTREAM_RIVERBED_I,V15_4_TAILWATER_DOWNSTREAM_RIVERBED,"180.500000,-87.000000,3045.000000;300.500000,-15.400000,3056.200000","180.500000,-87.000000,3045.000000;300.500000,-15.400000,3056.200000",NO,preserved V15.8 geometry outside correction scope,V15.8 geometry retained,800,800,360,360,PASS
V15_4_SPILLWAY_INTERMEDIATE_PIER_01_I,V15_4_SPILLWAY_INTERMEDIATE_PIER_01,"-20.000000,27.000000,3047.500000;10.000000,30.000000,3079.000000","-20.000000,13.850000,3047.500000;10.000000,16.850000,3079.000000",YES,source flood-release chain: eco 12.5 m directly adjacent to 8 spillway bays; 8x7 m clear bays; frontage 109 m,source flood-release chain: eco 12.5 m directly adjacent to 8 spillway bays; 8x7 m clear bays; frontage 109 m,1386,1360,840,960,PASS
V15_4_SPILLWAY_INTERMEDIATE_PIER_02_I,V15_4_SPILLWAY_INTERMEDIATE_PIER_02,"-20.000000,37.000000,3047.500000;10.000000,40.000000,3079.000000","-20.000000,23.850000,3047.500000;10.000000,26.850000,3079.000000",YES,source flood-release chain: eco 12.5 m directly adjacent to 8 spillway bays; 8x7 m clear bays; frontage 109 m,source flood-release chain: eco 12.5 m directly adjacent to 8 spillway bays; 8x7 m clear bays; frontage 109 m,1386,1088,840,720,PASS
V15_4_SPILLWAY_INTERMEDIATE_PIER_03_I,V15_4_SPILLWAY_INTERMEDIATE_PIER_03,"-20.000000,47.000000,3047.500000;10.000000,50.000000,3079.000000","-20.000000,33.850000,3047.500000;10.000000,36.850000,3079.000000",YES,source flood-release chain: eco 12.5 m directly adjacent to 8 spillway bays; 8x7 m clear bays; frontage 109 m,source flood-release chain: eco 12.5 m directly adjacent to 8 spillway bays; 8x7 m clear bays; frontage 109 m,1386,1088,840,720,PASS
V15_4_SPILLWAY_INTERMEDIATE_PIER_04_I,V15_4_SPILLWAY_INTERMEDIATE_PIER_04,"-20.000000,57.000000,3047.500000;10.000000,60.000000,3079.000000","-20.000000,43.850000,3047.500000;10.000000,46.850000,3079.000000",YES,source flood-release chain: eco 12.5 m directly adjacent to 8 spillway bays; 8x7 m clear bays; frontage 109 m,source flood-release chain: eco 12.5 m directly adjacent to 8 spillway bays; 8x7 m clear bays; frontage 109 m,1386,1088,840,720,PASS
V15_4_SPILLWAY_INTERMEDIATE_PIER_05_I,V15_4_SPILLWAY_INTERMEDIATE_PIER_05,"-20.000000,67.000000,3047.500000;10.000000,70.000000,3079.000000","-20.000000,53.850000,3047.500000;10.000000,56.850000,3079.000000",YES,source flood-release chain: eco 12.5 m directly adjacent to 8 spillway bays; 8x7 m clear bays; frontage 109 m,source flood-release chain: eco 12.5 m directly adjacent to 8 spillway bays; 8x7 m clear bays; frontage 109 m,1386,1088,840,720,PASS
V15_4_SPILLWAY_INTERMEDIATE_PIER_06_I,V15_4_SPILLWAY_INTERMEDIATE_PIER_06,"-20.000000,77.000000,3047.500000;10.000000,80.000000,3079.000000","-20.000000,63.850000,3047.500000;10.000000,66.850000,3079.000000",YES,source flood-release chain: eco 12.5 m directly adjacent to 8 spillway bays; 8x7 m clear bays; frontage 109 m,source flood-release chain: eco 12.5 m directly adjacent to 8 spillway bays; 8x7 m clear bays; frontage 109 m,1386,1088,840,720,PASS
V15_4_SPILLWAY_INTERMEDIATE_PIER_07_I,V15_4_SPILLWAY_INTERMEDIATE_PIER_07,"-20.000000,87.000000,3047.500000;10.000000,90.000000,3079.000000","-20.000000,73.850000,3047.500000;10.000000,76.850000,3079.000000",YES,source flood-release chain: eco 12.5 m directly adjacent to 8 spillway bays; 8x7 m clear bays; frontage 109 m,source flood-release chain: eco 12.5 m directly adjacent to 8 spillway bays; 8x7 m clear bays; frontage 109 m,1386,1088,840,720,PASS
V15_4_SPILLWAY_LEFT_ABUTMENT_I,V15_4_SPILLWAY_LEFT_ABUTMENT,"-35.000000,16.000000,3047.500000;-20.000000,133.000000,3079.000000","-35.000000,-2.900000,3047.500000;-20.000000,6.850000,3079.000000",YES,source flood-release chain: eco 12.5 m directly adjacent to 8 spillway bays; 8x7 m clear bays; frontage 109 m,source flood-release chain: eco 12.5 m directly adjacent to 8 spillway bays; 8x7 m clear bays; frontage 109 m,9180,1683,7552,1280,PASS
V15_4_SPILLWAY_RIGHT_ABUTMENT_I,V15_4_SPILLWAY_RIGHT_ABUTMENT,"10.000000,97.000000,3047.500000;38.000000,133.000000,3079.000000","10.000000,83.850000,3047.500000;38.000000,93.600000,3079.000000",YES,source flood-release chain: eco 12.5 m directly adjacent to 8 spillway bays; 8x7 m clear bays; frontage 109 m,source flood-release chain: eco 12.5 m directly adjacent to 8 spillway bays; 8x7 m clear bays; frontage 109 m,4845,2805,4032,2240,PASS
V15_4_SPILLWAY_LINTEL_01_I,V15_4_SPILLWAY_LINTEL_01,"-20.000000,20.000000,3055.230000;10.000000,27.000000,3079.000000","-20.000000,6.850000,3055.230000;10.000000,13.850000,3079.000000",YES,source flood-release chain: eco 12.5 m directly adjacent to 8 spillway bays; 8x7 m clear bays; frontage 109 m,source flood-release chain: eco 12.5 m directly adjacent to 8 spillway bays; 8x7 m clear bays; frontage 109 m,6200,1664,5040,1260,PASS
V15_4_SPILLWAY_LINTEL_02_I,V15_4_SPILLWAY_LINTEL_02,"-20.000000,30.000000,3055.230000;10.000000,37.000000,3079.000000","-20.000000,16.850000,3055.230000;10.000000,23.850000,3079.000000",YES,source flood-release chain: eco 12.5 m directly adjacent to 8 spillway bays; 8x7 m clear bays; frontage 109 m,source flood-release chain: eco 12.5 m directly adjacent to 8 spillway bays; 8x7 m clear bays; frontage 109 m,6200,1664,5040,1260,PASS
V15_4_SPILLWAY_LINTEL_03_I,V15_4_SPILLWAY_LINTEL_03,"-20.000000,40.000000,3055.230000;10.000000,47.000000,3079.000000","-20.000000,26.850000,3055.230000;10.000000,33.850000,3079.000000",YES,source flood-release chain: eco 12.5 m directly adjacent to 8 spillway bays; 8x7 m clear bays; frontage 109 m,source flood-release chain: eco 12.5 m directly adjacent to 8 spillway bays; 8x7 m clear bays; frontage 109 m,6200,1664,5040,1260,PASS
V15_4_SPILLWAY_LINTEL_04_I,V15_4_SPILLWAY_LINTEL_04,"-20.000000,50.000000,3055.230000;10.000000,57.000000,3079.000000","-20.000000,36.850000,3055.230000;10.000000,43.850000,3079.000000",YES,source flood-release chain: eco 12.5 m directly adjacent to 8 spillway bays; 8x7 m clear bays; frontage 109 m,source flood-release chain: eco 12.5 m directly adjacent to 8 spillway bays; 8x7 m clear bays; frontage 109 m,6200,1664,5040,1260,PASS
V15_4_SPILLWAY_LINTEL_05_I,V15_4_SPILLWAY_LINTEL_05,"-20.000000,60.000000,3055.230000;10.000000,67.000000,3079.000000","-20.000000,46.850000,3055.230000;10.000000,53.850000,3079.000000",YES,source flood-release chain: eco 12.5 m directly adjacent to 8 spillway bays; 8x7 m clear bays; frontage 109 m,source flood-release chain: eco 12.5 m directly adjacent to 8 spillway bays; 8x7 m clear bays; frontage 109 m,6200,1664,5040,1260,PASS
V15_4_SPILLWAY_LINTEL_06_I,V15_4_SPILLWAY_LINTEL_06,"-20.000000,70.000000,3055.230000;10.000000,77.000000,3079.000000","-20.000000,56.850000,3055.230000;10.000000,63.850000,3079.000000",YES,source flood-release chain: eco 12.5 m directly adjacent to 8 spillway bays; 8x7 m clear bays; frontage 109 m,source flood-release chain: eco 12.5 m directly adjacent to 8 spillway bays; 8x7 m clear bays; frontage 109 m,6200,1664,5040,1260,PASS
V15_4_SPILLWAY_LINTEL_07_I,V15_4_SPILLWAY_LINTEL_07,"-20.000000,80.000000,3055.230000;10.000000,87.000000,3079.000000","-20.000000,66.850000,3055.230000;10.000000,73.850000,3079.000000",YES,source flood-release chain: eco 12.5 m directly adjacent to 8 spillway bays; 8x7 m clear bays; frontage 109 m,source flood-release chain: eco 12.5 m directly adjacent to 8 spillway bays; 8x7 m clear bays; frontage 109 m,6200,1664,5040,1260,PASS
V15_4_SPILLWAY_LINTEL_08_I,V15_4_SPILLWAY_LINTEL_08,"-20.000000,90.000000,3055.230000;10.000000,97.000000,3079.000000","-20.000000,76.850000,3055.230000;10.000000,83.850000,3079.000000",YES,source flood-release chain: eco 12.5 m directly adjacent to 8 spillway bays; 8x7 m clear bays; frontage 109 m,source flood-release chain: eco 12.5 m directly adjacent to 8 spillway bays; 8x7 m clear bays; frontage 109 m,6200,1664,5040,1260,PASS
V15_4_SPILLWAY_CHUTE_SLAB_I,V15_4_SPILLWAY_CHUTE_SLAB,"10.000000,16.000000,3045.000000;38.000000,133.000000,3047.500000","10.000000,-2.900000,3045.000000;38.000000,93.600000,3047.500000",YES,source flood-release chain: eco 12.5 m directly adjacent to 8 spillway bays; 8x7 m clear bays; frontage 109 m,source flood-release chain: eco 12.5 m directly adjacent to 8 spillway bays; 8x7 m clear bays; frontage 109 m,1872,3600,1128,2730,PASS
V15_4_SPILLWAY_STILLING_BASIN_I,V15_4_SPILLWAY_STILLING_BASIN,"38.000000,16.000000,3045.000000;145.000000,133.000000,3047.500000","38.000000,-2.900000,3045.000000;145.000000,93.600000,3047.500000",YES,source flood-release chain: eco 12.5 m directly adjacent to 8 spillway bays; 8x7 m clear bays; frontage 109 m,source flood-release chain: eco 12.5 m directly adjacent to 8 spillway bays; 8x7 m clear bays; frontage 109 m,6336,10560,4042,8385,PASS
V15_4_SPILLWAY_DOWNSTREAM_PROTECTION_I,V15_4_SPILLWAY_DOWNSTREAM_PROTECTION,"145.000000,16.000000,3037.000000;245.000000,133.000000,3043.000000","145.000000,-2.900000,3037.000000;245.000000,93.600000,3043.000000",YES,source flood-release chain: eco 12.5 m directly adjacent to 8 spillway bays; 8x7 m clear bays; frontage 109 m,source flood-release chain: eco 12.5 m directly adjacent to 8 spillway bays; 8x7 m clear bays; frontage 109 m,1050,11480,480,9360,PASS
V15_4_ECO_RELEASE_BASE_I,V15_4_ECO_RELEASE_BASE,"-35.000000,-15.000000,3051.500000;-5.000000,-2.500000,3058.000000","-35.000000,-15.400000,3051.500000;-5.000000,-2.900000,3058.000000",YES,source flood-release chain: eco 12.5 m directly adjacent to 8 spillway bays; 8x7 m clear bays; frontage 109 m,source flood-release chain: eco 12.5 m directly adjacent to 8 spillway bays; 8x7 m clear bays; frontage 109 m,640,2352,420,1820,PASS
V15_4_ECO_RELEASE_LEFT_I,V15_4_ECO_RELEASE_LEFT_PIER,"-35.000000,-15.000000,3058.000000;-5.000000,-12.000000,3079.000000","-35.000000,-15.400000,3058.000000;-5.000000,-12.400000,3079.000000",YES,source flood-release chain: eco 12.5 m directly adjacent to 8 spillway bays; 8x7 m clear bays; frontage 109 m,source flood-release chain: eco 12.5 m directly adjacent to 8 spillway bays; 8x7 m clear bays; frontage 109 m,2728,3234,1890,2520,PASS
V15_4_ECO_RELEASE_CENTRAL_I,V15_4_ECO_RELEASE_CENTRAL_PIER,"-35.000000,-9.500000,3058.000000;-5.000000,-7.000000,3079.000000","-35.000000,-9.900000,3058.000000;-5.000000,-7.400000,3079.000000",YES,source flood-release chain: eco 12.5 m directly adjacent to 8 spillway bays; 8x7 m clear bays; frontage 109 m,source flood-release chain: eco 12.5 m directly adjacent to 8 spillway bays; 8x7 m clear bays; frontage 109 m,2728,2772,1890,2100,PASS
V15_4_ECO_RELEASE_RIGHT_I,V15_4_ECO_RELEASE_RIGHT_PIER,"-35.000000,-4.500000,3058.000000;-5.000000,-2.500000,3079.000000","-35.000000,-4.900000,3058.000000;-5.000000,-2.900000,3079.000000",YES,source flood-release chain: eco 12.5 m directly adjacent to 8 spillway bays; 8x7 m clear bays; frontage 109 m,source flood-release chain: eco 12.5 m directly adjacent to 8 spillway bays; 8x7 m clear bays; frontage 109 m,2046,2772,1260,2100,PASS
V15_4_ECO_RELEASE_LINTEL_01_I,V15_4_ECO_RELEASE_LINTEL_01,"-35.000000,-12.000000,3063.000000;-5.000000,-9.500000,3079.000000","-35.000000,-12.400000,3063.000000;-5.000000,-9.900000,3079.000000",YES,source flood-release chain: eco 12.5 m directly adjacent to 8 spillway bays; 8x7 m clear bays; frontage 109 m,source flood-release chain: eco 12.5 m directly adjacent to 8 spillway bays; 8x7 m clear bays; frontage 109 m,2108,2142,1440,1600,PASS
V15_4_ECO_RELEASE_LINTEL_02_I,V15_4_ECO_RELEASE_LINTEL_02,"-35.000000,-7.000000,3063.000000;-5.000000,-4.500000,3079.000000","-35.000000,-7.400000,3063.000000;-5.000000,-4.900000,3079.000000",YES,source flood-release chain: eco 12.5 m directly adjacent to 8 spillway bays; 8x7 m clear bays; frontage 109 m,source flood-release chain: eco 12.5 m directly adjacent to 8 spillway bays; 8x7 m clear bays; frontage 109 m,2108,2142,1440,1600,PASS
V15_4_ECO_RELEASE_TOP_CAP_I,V15_4_ECO_RELEASE_TOP_CAP,"-35.000000,-15.000000,3077.000000;-19.000000,-2.500000,3079.000000","-35.000000,-15.400000,3077.000000;-19.000000,-2.900000,3079.000000",YES,source flood-release chain: eco 12.5 m directly adjacent to 8 spillway bays; 8x7 m clear bays; frontage 109 m,source flood-release chain: eco 12.5 m directly adjacent to 8 spillway bays; 8x7 m clear bays; frontage 109 m,714,840,416,572,PASS
V15_4_ECO_RELEASE_APPROACH_SLAB_I,V15_4_ECO_RELEASE_APPROACH_SLAB,"-5.000000,-15.000000,3050.000000;25.000000,-2.500000,3058.000000","-5.000000,-15.400000,3050.000000;25.000000,-2.900000,3058.000000",YES,source flood-release chain: eco 12.5 m directly adjacent to 8 spillway bays; 8x7 m clear bays; frontage 109 m,source flood-release chain: eco 12.5 m directly adjacent to 8 spillway bays; 8x7 m clear bays; frontage 109 m,640,2646,420,2080,PASS
V15_4_ECO_RELEASE_OUTLET_SLAB_I,V15_4_ECO_RELEASE_OUTLET_SLAB,"25.000000,-15.000000,3050.000000;38.000000,-2.500000,3051.000000","25.000000,-15.400000,3050.000000;38.000000,-2.900000,3051.000000",YES,source flood-release chain: eco 12.5 m directly adjacent to 8 spillway bays; 8x7 m clear bays; frontage 109 m,source flood-release chain: eco 12.5 m directly adjacent to 8 spillway bays; 8x7 m clear bays; frontage 109 m,588,588,338,338,PASS
V15_4_ECO_RELEASE_LINK_TO_BASIN_I,V15_4_ECO_RELEASE_LINK_TO_BASIN,"25.000000,-2.500000,3049.000000;38.000000,16.000000,3050.000000","25.000000,-2.900000,3049.000000;38.000000,6.850000,3050.000000",YES,source flood-release chain: eco 12.5 m directly adjacent to 8 spillway bays; 8x7 m clear bays; frontage 109 m,source flood-release chain: eco 12.5 m directly adjacent to 8 spillway bays; 8x7 m clear bays; frontage 109 m,840,462,494,260,PASS
V15_4_LEFT_BANK_SUBDAM_I,V15_4_LEFT_BANK_SUBDAM,"-112.000000,-122.000000,3030.000000;-64.000000,-15.000000,3079.000000","-101.000000,-147.700000,3059.000000;-86.000000,-58.000000,3079.000000",YES,"source left-bank concrete gravity sub-dam: crest 89.70 m, crest width 7 m, 3072 m slope break","source left-bank concrete gravity sub-dam: crest 89.70 m, crest width 7 m, 3072 m slope break",36573,444,29238,216,PASS
V15_4_FISHWAY_I,V15_4_FISHWAY,"-101.000000,-512.690000,3053.000000;442.000000,-58.120000,3076.000000","-101.000000,-512.690000,3053.000000;442.000000,-58.120000,3076.000000",NO,preserved V15.8 geometry outside correction scope,V15.8 geometry retained,11438,11438,3327,3327,PASS
V15_4_FISHWAY_OUTLET_CHAMBER_I,V15_4_FISHWAY_OUTLET_CHAMBER,"-101.000000,-375.120000,3073.000000;-97.000000,-355.120000,3079.000000","-101.000000,-375.120000,3073.000000;-97.000000,-355.120000,3079.000000",NO,preserved V15.8 geometry outside correction scope,V15.8 geometry retained,903,903,400,400,PASS
V15_4_FISHWAY_UPSTREAM_OUTLET_I,V15_4_FISHWAY_UPSTREAM_OUTLET,"-101.000000,-512.690000,3074.000000;-97.000000,-475.120000,3079.000000","-101.000000,-512.690000,3074.000000;-97.000000,-475.120000,3079.000000",NO,preserved V15.8 geometry outside correction scope,V15.8 geometry retained,1170,1170,760,760,PASS
V15_4_POWERHOUSE_SEDIMENT_FLUSHING_OUTLET_01_I,V15_4_POWERHOUSE_SEDIMENT_FLUSHING_OUTLET_01,"-30.000000,-97.100000,3037.000000;24.000000,-93.600000,3046.000000","-30.000000,-96.600000,3037.000000;24.000000,-94.100000,3046.000000",YES,source sediment flushing: two unit-pair outlets; 2.5x2.0 upstream/working and 2.5x3.0 maintenance opening,source sediment flushing: two unit-pair outlets; 2.5x2.0 upstream/working and 2.5x3.0 maintenance opening,1750,2574,716,1760,PASS
V15_4_POWERHOUSE_SEDIMENT_FLUSHING_OUTLET_02_I,V15_4_POWERHOUSE_SEDIMENT_FLUSHING_OUTLET_02,"-30.000000,-43.800000,3037.000000;24.000000,-40.300000,3046.000000","-30.000000,-43.300000,3037.000000;24.000000,-40.800000,3046.000000",YES,source sediment flushing: two unit-pair outlets; 2.5x2.0 upstream/working and 2.5x3.0 maintenance opening,source sediment flushing: two unit-pair outlets; 2.5x2.0 upstream/working and 2.5x3.0 maintenance opening,1750,2574,716,1760,PASS
