instance_name,node_label,dof,event_type,first_source_file,first_occurrence_line,first_context,physical_component_category,proposed_action
,,,NUMERICAL_SINGULARITY,v12_3d_fullrun.msg,541,***WARNING: SOLVER PROBLEM. NUMERICAL SINGULARITY: THE MAXIMUM NUMBER OF | NUMERICAL SINGULARITY CHECKS MESSAGES PRINTED FOR THIS INCREMENT | HAS BEEN REACHED. THE OUTPUT OF THESE MESSAGES IS SUPRESSED UNTIL | THE END OF THE INCREMENT TO AVOID POTENTIALLY LARGE INCREASES IN,global/unspecified,correlate with the immediately preceding solver node diagnostics
,,,NUMERICAL_SINGULARITY,v12_3d_fullrun.msg,542,NUMERICAL SINGULARITY CHECKS MESSAGES PRINTED FOR THIS INCREMENT | HAS BEEN REACHED. THE OUTPUT OF THESE MESSAGES IS SUPRESSED UNTIL | THE END OF THE INCREMENT TO AVOID POTENTIALLY LARGE INCREASES IN | THE SYSTEM TIME NEEDED TO COMPLETE THE ANALYSIS.,global/unspecified,correlate with the immediately preceding solver node diagnostics
,,,NUMERICAL_SINGULARITY,v12_3d_fullrun.msg,987,***WARNING: SOLVER PROBLEM. NUMERICAL SINGULARITY: THE MAXIMUM NUMBER OF | NUMERICAL SINGULARITY CHECKS MESSAGES PRINTED FOR THIS INCREMENT | HAS BEEN REACHED. THE OUTPUT OF THESE MESSAGES IS SUPRESSED UNTIL | THE END OF THE INCREMENT TO AVOID POTENTIALLY LARGE INCREASES IN,global/unspecified,correlate with the immediately preceding solver node diagnostics
,,,NUMERICAL_SINGULARITY,v12_3d_fullrun.msg,988,NUMERICAL SINGULARITY CHECKS MESSAGES PRINTED FOR THIS INCREMENT | HAS BEEN REACHED. THE OUTPUT OF THESE MESSAGES IS SUPRESSED UNTIL | THE END OF THE INCREMENT TO AVOID POTENTIALLY LARGE INCREASES IN | THE SYSTEM TIME NEEDED TO COMPLETE THE ANALYSIS.,global/unspecified,correlate with the immediately preceding solver node diagnostics
,,,NUMERICAL_SINGULARITY,v12_3d_fullrun.msg,1433,***WARNING: SOLVER PROBLEM. NUMERICAL SINGULARITY: THE MAXIMUM NUMBER OF | NUMERICAL SINGULARITY CHECKS MESSAGES PRINTED FOR THIS INCREMENT | HAS BEEN REACHED. THE OUTPUT OF THESE MESSAGES IS SUPRESSED UNTIL | THE END OF THE INCREMENT TO AVOID POTENTIALLY LARGE INCREASES IN,global/unspecified,correlate with the immediately preceding solver node diagnostics
,,,NUMERICAL_SINGULARITY,v12_3d_fullrun.msg,1434,NUMERICAL SINGULARITY CHECKS MESSAGES PRINTED FOR THIS INCREMENT | HAS BEEN REACHED. THE OUTPUT OF THESE MESSAGES IS SUPRESSED UNTIL | THE END OF THE INCREMENT TO AVOID POTENTIALLY LARGE INCREASES IN | THE SYSTEM TIME NEEDED TO COMPLETE THE ANALYSIS.,global/unspecified,correlate with the immediately preceding solver node diagnostics
,,,NUMERICAL_SINGULARITY,v12_3d_fullrun.msg,1879,***WARNING: SOLVER PROBLEM. NUMERICAL SINGULARITY: THE MAXIMUM NUMBER OF | NUMERICAL SINGULARITY CHECKS MESSAGES PRINTED FOR THIS INCREMENT | HAS BEEN REACHED. THE OUTPUT OF THESE MESSAGES IS SUPRESSED UNTIL | THE END OF THE INCREMENT TO AVOID POTENTIALLY LARGE INCREASES IN,global/unspecified,correlate with the immediately preceding solver node diagnostics
,,,NUMERICAL_SINGULARITY,v12_3d_fullrun.msg,1880,NUMERICAL SINGULARITY CHECKS MESSAGES PRINTED FOR THIS INCREMENT | HAS BEEN REACHED. THE OUTPUT OF THESE MESSAGES IS SUPRESSED UNTIL | THE END OF THE INCREMENT TO AVOID POTENTIALLY LARGE INCREASES IN | THE SYSTEM TIME NEEDED TO COMPLETE THE ANALYSIS.,global/unspecified,correlate with the immediately preceding solver node diagnostics
,,,NUMERICAL_SINGULARITY,v12_3d_fullrun.msg,2331,***WARNING: SOLVER PROBLEM. NUMERICAL SINGULARITY: THE MAXIMUM NUMBER OF | NUMERICAL SINGULARITY CHECKS MESSAGES PRINTED FOR THIS INCREMENT | HAS BEEN REACHED. THE OUTPUT OF THESE MESSAGES IS SUPRESSED UNTIL | THE END OF THE INCREMENT TO AVOID POTENTIALLY LARGE INCREASES IN,global/unspecified,correlate with the immediately preceding solver node diagnostics
,,,NUMERICAL_SINGULARITY,v12_3d_fullrun.msg,2332,NUMERICAL SINGULARITY CHECKS MESSAGES PRINTED FOR THIS INCREMENT | HAS BEEN REACHED. THE OUTPUT OF THESE MESSAGES IS SUPRESSED UNTIL | THE END OF THE INCREMENT TO AVOID POTENTIALLY LARGE INCREASES IN | THE SYSTEM TIME NEEDED TO COMPLETE THE ANALYSIS.,global/unspecified,correlate with the immediately preceding solver node diagnostics
,,,NUMERICAL_SINGULARITY,v12_3d_fullrun.msg,2777,***WARNING: SOLVER PROBLEM. NUMERICAL SINGULARITY: THE MAXIMUM NUMBER OF | NUMERICAL SINGULARITY CHECKS MESSAGES PRINTED FOR THIS INCREMENT | HAS BEEN REACHED. THE OUTPUT OF THESE MESSAGES IS SUPRESSED UNTIL | THE END OF THE INCREMENT TO AVOID POTENTIALLY LARGE INCREASES IN,global/unspecified,correlate with the immediately preceding solver node diagnostics
,,,NUMERICAL_SINGULARITY,v12_3d_fullrun.msg,2778,NUMERICAL SINGULARITY CHECKS MESSAGES PRINTED FOR THIS INCREMENT | HAS BEEN REACHED. THE OUTPUT OF THESE MESSAGES IS SUPRESSED UNTIL | THE END OF THE INCREMENT TO AVOID POTENTIALLY LARGE INCREASES IN | THE SYSTEM TIME NEEDED TO COMPLETE THE ANALYSIS.,global/unspecified,correlate with the immediately preceding solver node diagnostics
CUTOFF_WALL_POWERHOUSE_I,36,2,NUMERICAL_SINGULARITY,v12_3d_fullrun.msg,612,***WARNING: SOLVER PROBLEM. NUMERICAL SINGULARITY WHEN PROCESSING NODE | CUTOFF_WALL_POWERHOUSE_I.36 D.O.F. 2 RATIO = 182.529E+12 .,other appurtenant structure (C),suppress in core; inspect geometry and restore only with source-supported load path
CUTOFF_WALL_POWERHOUSE_I,49,2,NUMERICAL_SINGULARITY,v12_3d_fullrun.msg,616,***WARNING: SOLVER PROBLEM. NUMERICAL SINGULARITY WHEN PROCESSING NODE | CUTOFF_WALL_POWERHOUSE_I.49 D.O.F. 2 RATIO = 1.67659E+12.,other appurtenant structure (C),suppress in core; inspect geometry and restore only with source-supported load path
CUTOFF_WALL_POWERHOUSE_I,49,3,NUMERICAL_SINGULARITY,v12_3d_fullrun.msg,620,***WARNING: SOLVER PROBLEM. NUMERICAL SINGULARITY WHEN PROCESSING NODE | CUTOFF_WALL_POWERHOUSE_I.49 D.O.F. 3 RATIO = 578.001E+09 .,other appurtenant structure (C),suppress in core; inspect geometry and restore only with source-supported load path
CUTOFF_WALL_POWERHOUSE_I,50,1,NUMERICAL_SINGULARITY,v12_3d_fullrun.msg,624,***WARNING: SOLVER PROBLEM. NUMERICAL SINGULARITY WHEN PROCESSING NODE | CUTOFF_WALL_POWERHOUSE_I.50 D.O.F. 1 RATIO = 937.416E+12 .,other appurtenant structure (C),suppress in core; inspect geometry and restore only with source-supported load path
CUTOFF_WALL_POWERHOUSE_I,50,2,NUMERICAL_SINGULARITY,v12_3d_fullrun.msg,628,***WARNING: SOLVER PROBLEM. NUMERICAL SINGULARITY WHEN PROCESSING NODE | CUTOFF_WALL_POWERHOUSE_I.50 D.O.F. 2 RATIO = 725.362E+12 .,other appurtenant structure (C),suppress in core; inspect geometry and restore only with source-supported load path
CUTOFF_WALL_POWERHOUSE_I,50,3,NUMERICAL_SINGULARITY,v12_3d_fullrun.msg,632,***WARNING: SOLVER PROBLEM. NUMERICAL SINGULARITY WHEN PROCESSING NODE | CUTOFF_WALL_POWERHOUSE_I.50 D.O.F. 3 RATIO = 534.666E+12 .,other appurtenant structure (C),suppress in core; inspect geometry and restore only with source-supported load path
ECO_RELEASE_01_I,31,3,NUMERICAL_SINGULARITY,v12_3d_fullrun.msg,1744,***WARNING: SOLVER PROBLEM. NUMERICAL SINGULARITY WHEN PROCESSING NODE | ECO_RELEASE_01_I.31 D.O.F. 3 RATIO = 195.665E+12 .,other appurtenant structure (C),suppress in core; inspect geometry and restore only with source-supported load path
ECO_RELEASE_01_I,34,1,NUMERICAL_SINGULARITY,v12_3d_fullrun.msg,1748,***WARNING: SOLVER PROBLEM. NUMERICAL SINGULARITY WHEN PROCESSING NODE | ECO_RELEASE_01_I.34 D.O.F. 1 RATIO = 101.270E+12 .,other appurtenant structure (C),suppress in core; inspect geometry and restore only with source-supported load path
ECO_RELEASE_01_I,34,3,NUMERICAL_SINGULARITY,v12_3d_fullrun.msg,1752,***WARNING: SOLVER PROBLEM. NUMERICAL SINGULARITY WHEN PROCESSING NODE | ECO_RELEASE_01_I.34 D.O.F. 3 RATIO = 779.694E+12 .,other appurtenant structure (C),suppress in core; inspect geometry and restore only with source-supported load path
ECO_RELEASE_01_I,38,1,NUMERICAL_SINGULARITY,v12_3d_fullrun.msg,1756,***WARNING: SOLVER PROBLEM. NUMERICAL SINGULARITY WHEN PROCESSING NODE | ECO_RELEASE_01_I.38 D.O.F. 1 RATIO = 799.331E+12 .,other appurtenant structure (C),suppress in core; inspect geometry and restore only with source-supported load path
ECO_RELEASE_01_I,38,2,NUMERICAL_SINGULARITY,v12_3d_fullrun.msg,1760,***WARNING: SOLVER PROBLEM. NUMERICAL SINGULARITY WHEN PROCESSING NODE | ECO_RELEASE_01_I.38 D.O.F. 2 RATIO = 1.23895E+15.,other appurtenant structure (C),suppress in core; inspect geometry and restore only with source-supported load path
ECO_RELEASE_01_I,38,3,NUMERICAL_SINGULARITY,v12_3d_fullrun.msg,1764,***WARNING: SOLVER PROBLEM. NUMERICAL SINGULARITY WHEN PROCESSING NODE | ECO_RELEASE_01_I.38 D.O.F. 3 RATIO = 41.0717E+12 .,other appurtenant structure (C),suppress in core; inspect geometry and restore only with source-supported load path
ECO_RELEASE_02_I,31,3,NUMERICAL_SINGULARITY,v12_3d_fullrun.msg,852,***WARNING: SOLVER PROBLEM. NUMERICAL SINGULARITY WHEN PROCESSING NODE | ECO_RELEASE_02_I.31 D.O.F. 3 RATIO = 252.130E+12 .,other appurtenant structure (C),suppress in core; inspect geometry and restore only with source-supported load path
ECO_RELEASE_02_I,34,1,NUMERICAL_SINGULARITY,v12_3d_fullrun.msg,856,***WARNING: SOLVER PROBLEM. NUMERICAL SINGULARITY WHEN PROCESSING NODE | ECO_RELEASE_02_I.34 D.O.F. 1 RATIO = 138.107E+12 .,other appurtenant structure (C),suppress in core; inspect geometry and restore only with source-supported load path
ECO_RELEASE_02_I,34,3,NUMERICAL_SINGULARITY,v12_3d_fullrun.msg,860,***WARNING: SOLVER PROBLEM. NUMERICAL SINGULARITY WHEN PROCESSING NODE | ECO_RELEASE_02_I.34 D.O.F. 3 RATIO = 41.2401E+15 .,other appurtenant structure (C),suppress in core; inspect geometry and restore only with source-supported load path
ECO_RELEASE_02_I,38,1,NUMERICAL_SINGULARITY,v12_3d_fullrun.msg,864,***WARNING: SOLVER PROBLEM. NUMERICAL SINGULARITY WHEN PROCESSING NODE | ECO_RELEASE_02_I.38 D.O.F. 1 RATIO = 50.0802E+12 .,other appurtenant structure (C),suppress in core; inspect geometry and restore only with source-supported load path
ECO_RELEASE_02_I,38,2,NUMERICAL_SINGULARITY,v12_3d_fullrun.msg,868,***WARNING: SOLVER PROBLEM. NUMERICAL SINGULARITY WHEN PROCESSING NODE | ECO_RELEASE_02_I.38 D.O.F. 2 RATIO = 12.7270E+15 .,other appurtenant structure (C),suppress in core; inspect geometry and restore only with source-supported load path
ECO_RELEASE_02_I,38,3,NUMERICAL_SINGULARITY,v12_3d_fullrun.msg,872,***WARNING: SOLVER PROBLEM. NUMERICAL SINGULARITY WHEN PROCESSING NODE | ECO_RELEASE_02_I.38 D.O.F. 3 RATIO = 3.34475E+12.,other appurtenant structure (C),suppress in core; inspect geometry and restore only with source-supported load path
FISHWAY_SEGMENT_01_I,2,1,NUMERICAL_SINGULARITY,v12_3d_fullrun.msg,214,***WARNING: SOLVER PROBLEM. NUMERICAL SINGULARITY WHEN PROCESSING NODE | FISHWAY_SEGMENT_01_I.2 D.O.F. 1 RATIO = 14.2162E+12 .,fishway / small appurtenance (C),suppress in core; restore fishway group only after defining real support/contact
FISHWAY_SEGMENT_01_I,5,1,NUMERICAL_SINGULARITY,v12_3d_fullrun.msg,218,***WARNING: SOLVER PROBLEM. NUMERICAL SINGULARITY WHEN PROCESSING NODE | FISHWAY_SEGMENT_01_I.5 D.O.F. 1 RATIO = 575.879E+12 .,fishway / small appurtenance (C),suppress in core; restore fishway group only after defining real support/contact
FISHWAY_SEGMENT_01_I,5,3,NUMERICAL_SINGULARITY,v12_3d_fullrun.msg,222,***WARNING: SOLVER PROBLEM. NUMERICAL SINGULARITY WHEN PROCESSING NODE | FISHWAY_SEGMENT_01_I.5 D.O.F. 3 RATIO = 103.693E+15 .,fishway / small appurtenance (C),suppress in core; restore fishway group only after defining real support/contact
FISHWAY_SEGMENT_01_I,8,1,NUMERICAL_SINGULARITY,v12_3d_fullrun.msg,226,***WARNING: SOLVER PROBLEM. NUMERICAL SINGULARITY WHEN PROCESSING NODE | FISHWAY_SEGMENT_01_I.8 D.O.F. 1 RATIO = 561.679E+12 .,fishway / small appurtenance (C),suppress in core; restore fishway group only after defining real support/contact
FISHWAY_SEGMENT_01_I,8,2,NUMERICAL_SINGULARITY,v12_3d_fullrun.msg,230,***WARNING: SOLVER PROBLEM. NUMERICAL SINGULARITY WHEN PROCESSING NODE | FISHWAY_SEGMENT_01_I.8 D.O.F. 2 RATIO = 250.526E+12 .,fishway / small appurtenance (C),suppress in core; restore fishway group only after defining real support/contact
FISHWAY_SEGMENT_01_I,8,3,NUMERICAL_SINGULARITY,v12_3d_fullrun.msg,234,***WARNING: SOLVER PROBLEM. NUMERICAL SINGULARITY WHEN PROCESSING NODE | FISHWAY_SEGMENT_01_I.8 D.O.F. 3 RATIO = 208.150E+12 .,fishway / small appurtenance (C),suppress in core; restore fishway group only after defining real support/contact
FISHWAY_SEGMENT_02_I,2,1,NUMERICAL_SINGULARITY,v12_3d_fullrun.msg,262,***WARNING: SOLVER PROBLEM. NUMERICAL SINGULARITY WHEN PROCESSING NODE | FISHWAY_SEGMENT_02_I.2 D.O.F. 1 RATIO = 1.28846E+12.,fishway / small appurtenance (C),suppress in core; restore fishway group only after defining real support/contact
FISHWAY_SEGMENT_02_I,5,1,NUMERICAL_SINGULARITY,v12_3d_fullrun.msg,266,***WARNING: SOLVER PROBLEM. NUMERICAL SINGULARITY WHEN PROCESSING NODE | FISHWAY_SEGMENT_02_I.5 D.O.F. 1 RATIO = 1.56298E+15.,fishway / small appurtenance (C),suppress in core; restore fishway group only after defining real support/contact
FISHWAY_SEGMENT_02_I,5,3,NUMERICAL_SINGULARITY,v12_3d_fullrun.msg,270,***WARNING: SOLVER PROBLEM. NUMERICAL SINGULARITY WHEN PROCESSING NODE | FISHWAY_SEGMENT_02_I.5 D.O.F. 3 RATIO = 1.25009E+15.,fishway / small appurtenance (C),suppress in core; restore fishway group only after defining real support/contact
FISHWAY_SEGMENT_02_I,8,1,NUMERICAL_SINGULARITY,v12_3d_fullrun.msg,274,***WARNING: SOLVER PROBLEM. NUMERICAL SINGULARITY WHEN PROCESSING NODE | FISHWAY_SEGMENT_02_I.8 D.O.F. 1 RATIO = 490.669E+15 .,fishway / small appurtenance (C),suppress in core; restore fishway group only after defining real support/contact
FISHWAY_SEGMENT_02_I,8,2,NUMERICAL_SINGULARITY,v12_3d_fullrun.msg,278,***WARNING: SOLVER PROBLEM. NUMERICAL SINGULARITY WHEN PROCESSING NODE | FISHWAY_SEGMENT_02_I.8 D.O.F. 2 RATIO = 303.711E+12 .,fishway / small appurtenance (C),suppress in core; restore fishway group only after defining real support/contact
FISHWAY_SEGMENT_02_I,8,3,NUMERICAL_SINGULARITY,v12_3d_fullrun.msg,282,***WARNING: SOLVER PROBLEM. NUMERICAL SINGULARITY WHEN PROCESSING NODE | FISHWAY_SEGMENT_02_I.8 D.O.F. 3 RATIO = 2.56546E+15.,fishway / small appurtenance (C),suppress in core; restore fishway group only after defining real support/contact
FISHWAY_SEGMENT_03_I,2,1,NUMERICAL_SINGULARITY,v12_3d_fullrun.msg,286,***WARNING: SOLVER PROBLEM. NUMERICAL SINGULARITY WHEN PROCESSING NODE | FISHWAY_SEGMENT_03_I.2 D.O.F. 1 RATIO = 11.6614E+12 .,fishway / small appurtenance (C),suppress in core; restore fishway group only after defining real support/contact
FISHWAY_SEGMENT_03_I,5,1,NUMERICAL_SINGULARITY,v12_3d_fullrun.msg,290,***WARNING: SOLVER PROBLEM. NUMERICAL SINGULARITY WHEN PROCESSING NODE | FISHWAY_SEGMENT_03_I.5 D.O.F. 1 RATIO = 347.090E+12 .,fishway / small appurtenance (C),suppress in core; restore fishway group only after defining real support/contact
FISHWAY_SEGMENT_03_I,5,3,NUMERICAL_SINGULARITY,v12_3d_fullrun.msg,294,***WARNING: SOLVER PROBLEM. NUMERICAL SINGULARITY WHEN PROCESSING NODE | FISHWAY_SEGMENT_03_I.5 D.O.F. 3 RATIO = 1.73586E+15.,fishway / small appurtenance (C),suppress in core; restore fishway group only after defining real support/contact
FISHWAY_SEGMENT_03_I,8,1,NUMERICAL_SINGULARITY,v12_3d_fullrun.msg,298,***WARNING: SOLVER PROBLEM. NUMERICAL SINGULARITY WHEN PROCESSING NODE | FISHWAY_SEGMENT_03_I.8 D.O.F. 1 RATIO = 3.38366E+15.,fishway / small appurtenance (C),suppress in core; restore fishway group only after defining real support/contact
FISHWAY_SEGMENT_03_I,8,2,NUMERICAL_SINGULARITY,v12_3d_fullrun.msg,302,***WARNING: SOLVER PROBLEM. NUMERICAL SINGULARITY WHEN PROCESSING NODE | FISHWAY_SEGMENT_03_I.8 D.O.F. 2 RATIO = 992.236E+12 .,fishway / small appurtenance (C),suppress in core; restore fishway group only after defining real support/contact
FISHWAY_SEGMENT_03_I,8,3,NUMERICAL_SINGULARITY,v12_3d_fullrun.msg,306,***WARNING: SOLVER PROBLEM. NUMERICAL SINGULARITY WHEN PROCESSING NODE | FISHWAY_SEGMENT_03_I.8 D.O.F. 3 RATIO = 1.46477E+15.,fishway / small appurtenance (C),suppress in core; restore fishway group only after defining real support/contact
FISHWAY_SEGMENT_04_I,2,1,NUMERICAL_SINGULARITY,v12_3d_fullrun.msg,142,***WARNING: SOLVER PROBLEM. NUMERICAL SINGULARITY WHEN PROCESSING NODE | FISHWAY_SEGMENT_04_I.2 D.O.F. 1 RATIO = 3.57562E+12.,fishway / small appurtenance (C),suppress in core; restore fishway group only after defining real support/contact
FISHWAY_SEGMENT_04_I,5,1,NUMERICAL_SINGULARITY,v12_3d_fullrun.msg,146,***WARNING: SOLVER PROBLEM. NUMERICAL SINGULARITY WHEN PROCESSING NODE | FISHWAY_SEGMENT_04_I.5 D.O.F. 1 RATIO = 1.88327E+15.,fishway / small appurtenance (C),suppress in core; restore fishway group only after defining real support/contact
FISHWAY_SEGMENT_04_I,5,3,NUMERICAL_SINGULARITY,v12_3d_fullrun.msg,150,***WARNING: SOLVER PROBLEM. NUMERICAL SINGULARITY WHEN PROCESSING NODE | FISHWAY_SEGMENT_04_I.5 D.O.F. 3 RATIO = 2.40627E+15.,fishway / small appurtenance (C),suppress in core; restore fishway group only after defining real support/contact
FISHWAY_SEGMENT_04_I,8,1,NUMERICAL_SINGULARITY,v12_3d_fullrun.msg,154,***WARNING: SOLVER PROBLEM. NUMERICAL SINGULARITY WHEN PROCESSING NODE | FISHWAY_SEGMENT_04_I.8 D.O.F. 1 RATIO = 2.13991E+15.,fishway / small appurtenance (C),suppress in core; restore fishway group only after defining real support/contact
FISHWAY_SEGMENT_04_I,8,2,NUMERICAL_SINGULARITY,v12_3d_fullrun.msg,158,***WARNING: SOLVER PROBLEM. NUMERICAL SINGULARITY WHEN PROCESSING NODE | FISHWAY_SEGMENT_04_I.8 D.O.F. 2 RATIO = 843.334E+12 .,fishway / small appurtenance (C),suppress in core; restore fishway group only after defining real support/contact
FISHWAY_SEGMENT_04_I,8,3,NUMERICAL_SINGULARITY,v12_3d_fullrun.msg,162,***WARNING: SOLVER PROBLEM. NUMERICAL SINGULARITY WHEN PROCESSING NODE | FISHWAY_SEGMENT_04_I.8 D.O.F. 3 RATIO = 10.3644E+15 .,fishway / small appurtenance (C),suppress in core; restore fishway group only after defining real support/contact
FISHWAY_SEGMENT_05_I,2,1,NUMERICAL_SINGULARITY,v12_3d_fullrun.msg,382,***WARNING: SOLVER PROBLEM. NUMERICAL SINGULARITY WHEN PROCESSING NODE | FISHWAY_SEGMENT_05_I.2 D.O.F. 1 RATIO = 2.17852E+12.,fishway / small appurtenance (C),suppress in core; restore fishway group only after defining real support/contact
FISHWAY_SEGMENT_05_I,5,1,NUMERICAL_SINGULARITY,v12_3d_fullrun.msg,386,***WARNING: SOLVER PROBLEM. NUMERICAL SINGULARITY WHEN PROCESSING NODE | FISHWAY_SEGMENT_05_I.5 D.O.F. 1 RATIO = 4.91062E+15.,fishway / small appurtenance (C),suppress in core; restore fishway group only after defining real support/contact
FISHWAY_SEGMENT_05_I,5,3,NUMERICAL_SINGULARITY,v12_3d_fullrun.msg,390,***WARNING: SOLVER PROBLEM. NUMERICAL SINGULARITY WHEN PROCESSING NODE | FISHWAY_SEGMENT_05_I.5 D.O.F. 3 RATIO = 1.93692E+15.,fishway / small appurtenance (C),suppress in core; restore fishway group only after defining real support/contact
FISHWAY_SEGMENT_05_I,8,1,NUMERICAL_SINGULARITY,v12_3d_fullrun.msg,394,***WARNING: SOLVER PROBLEM. NUMERICAL SINGULARITY WHEN PROCESSING NODE | FISHWAY_SEGMENT_05_I.8 D.O.F. 1 RATIO = 166.354E+12 .,fishway / small appurtenance (C),suppress in core; restore fishway group only after defining real support/contact
FISHWAY_SEGMENT_05_I,8,2,NUMERICAL_SINGULARITY,v12_3d_fullrun.msg,398,***WARNING: SOLVER PROBLEM. NUMERICAL SINGULARITY WHEN PROCESSING NODE | FISHWAY_SEGMENT_05_I.8 D.O.F. 2 RATIO = 1.24711E+15.,fishway / small appurtenance (C),suppress in core; restore fishway group only after defining real support/contact
FISHWAY_SEGMENT_05_I,8,3,NUMERICAL_SINGULARITY,v12_3d_fullrun.msg,402,***WARNING: SOLVER PROBLEM. NUMERICAL SINGULARITY WHEN PROCESSING NODE | FISHWAY_SEGMENT_05_I.8 D.O.F. 3 RATIO = 1.43895E+15.,fishway / small appurtenance (C),suppress in core; restore fishway group only after defining real support/contact
FISHWAY_SEGMENT_06_I,2,1,NUMERICAL_SINGULARITY,v12_3d_fullrun.msg,924,***WARNING: SOLVER PROBLEM. NUMERICAL SINGULARITY WHEN PROCESSING NODE | FISHWAY_SEGMENT_06_I.2 D.O.F. 1 RATIO = 637.033E+09 .,fishway / small appurtenance (C),suppress in core; restore fishway group only after defining real support/contact
FISHWAY_SEGMENT_06_I,5,1,NUMERICAL_SINGULARITY,v12_3d_fullrun.msg,928,***WARNING: SOLVER PROBLEM. NUMERICAL SINGULARITY WHEN PROCESSING NODE | FISHWAY_SEGMENT_06_I.5 D.O.F. 1 RATIO = 248.799E+12 .,fishway / small appurtenance (C),suppress in core; restore fishway group only after defining real support/contact
FISHWAY_SEGMENT_06_I,5,3,NUMERICAL_SINGULARITY,v12_3d_fullrun.msg,932,***WARNING: SOLVER PROBLEM. NUMERICAL SINGULARITY WHEN PROCESSING NODE | FISHWAY_SEGMENT_06_I.5 D.O.F. 3 RATIO = 1.71989E+15.,fishway / small appurtenance (C),suppress in core; restore fishway group only after defining real support/contact
FISHWAY_SEGMENT_06_I,8,1,NUMERICAL_SINGULARITY,v12_3d_fullrun.msg,936,***WARNING: SOLVER PROBLEM. NUMERICAL SINGULARITY WHEN PROCESSING NODE | FISHWAY_SEGMENT_06_I.8 D.O.F. 1 RATIO = 3.50361E+15.,fishway / small appurtenance (C),suppress in core; restore fishway group only after defining real support/contact
FISHWAY_SEGMENT_06_I,8,2,NUMERICAL_SINGULARITY,v12_3d_fullrun.msg,940,***WARNING: SOLVER PROBLEM. NUMERICAL SINGULARITY WHEN PROCESSING NODE | FISHWAY_SEGMENT_06_I.8 D.O.F. 2 RATIO = 1.29933E+15.,fishway / small appurtenance (C),suppress in core; restore fishway group only after defining real support/contact
FISHWAY_SEGMENT_06_I,8,3,NUMERICAL_SINGULARITY,v12_3d_fullrun.msg,944,***WARNING: SOLVER PROBLEM. NUMERICAL SINGULARITY WHEN PROCESSING NODE | FISHWAY_SEGMENT_06_I.8 D.O.F. 3 RATIO = 509.840E+12 .,fishway / small appurtenance (C),suppress in core; restore fishway group only after defining real support/contact
LEFT_SUBDAM_I,63,2,NUMERICAL_SINGULARITY,v12_3d_fullrun.msg,478,***WARNING: SOLVER PROBLEM. NUMERICAL SINGULARITY WHEN PROCESSING NODE | LEFT_SUBDAM_I.63 D.O.F. 2 RATIO = 457.624E+09 .,main dam/foundation/geology (A),retain; repair only with shared nodes or a geometrically valid supporting interface
LEFT_SUBDAM_I,107,1,NUMERICAL_SINGULARITY,v12_3d_fullrun.msg,490,***WARNING: SOLVER PROBLEM. NUMERICAL SINGULARITY WHEN PROCESSING NODE | LEFT_SUBDAM_I.107 D.O.F. 1 RATIO = 117.974E+12 .,main dam/foundation/geology (A),retain; repair only with shared nodes or a geometrically valid supporting interface
LEFT_SUBDAM_I,107,2,NUMERICAL_SINGULARITY,v12_3d_fullrun.msg,494,***WARNING: SOLVER PROBLEM. NUMERICAL SINGULARITY WHEN PROCESSING NODE | LEFT_SUBDAM_I.107 D.O.F. 2 RATIO = 216.267E+12 .,main dam/foundation/geology (A),retain; repair only with shared nodes or a geometrically valid supporting interface
LEFT_SUBDAM_I,107,3,NUMERICAL_SINGULARITY,v12_3d_fullrun.msg,498,***WARNING: SOLVER PROBLEM. NUMERICAL SINGULARITY WHEN PROCESSING NODE | LEFT_SUBDAM_I.107 D.O.F. 3 RATIO = 661.229E+12 .,main dam/foundation/geology (A),retain; repair only with shared nodes or a geometrically valid supporting interface
LEFT_SUBDAM_I,108,2,NUMERICAL_SINGULARITY,v12_3d_fullrun.msg,482,***WARNING: SOLVER PROBLEM. NUMERICAL SINGULARITY WHEN PROCESSING NODE | LEFT_SUBDAM_I.108 D.O.F. 2 RATIO = 52.1580E+12 .,main dam/foundation/geology (A),retain; repair only with shared nodes or a geometrically valid supporting interface
LEFT_SUBDAM_I,108,3,NUMERICAL_SINGULARITY,v12_3d_fullrun.msg,486,***WARNING: SOLVER PROBLEM. NUMERICAL SINGULARITY WHEN PROCESSING NODE | LEFT_SUBDAM_I.108 D.O.F. 3 RATIO = 120.602E+12 .,main dam/foundation/geology (A),retain; repair only with shared nodes or a geometrically valid supporting interface
POWERHOUSE_INSTALLATION_BAY_I,36,3,NUMERICAL_SINGULARITY,v12_3d_fullrun.msg,430,***WARNING: SOLVER PROBLEM. NUMERICAL SINGULARITY WHEN PROCESSING NODE | POWERHOUSE_INSTALLATION_BAY_I.36 D.O.F. 3 RATIO = 551.494E+12 .,powerhouse structure (B),suppress in core; restore powerhouse group with a verified foundation load path
POWERHOUSE_INSTALLATION_BAY_I,40,2,NUMERICAL_SINGULARITY,v12_3d_fullrun.msg,434,***WARNING: SOLVER PROBLEM. NUMERICAL SINGULARITY WHEN PROCESSING NODE | POWERHOUSE_INSTALLATION_BAY_I.40 D.O.F. 2 RATIO = 27.1962E+12 .,powerhouse structure (B),suppress in core; restore powerhouse group with a verified foundation load path
POWERHOUSE_INSTALLATION_BAY_I,40,3,NUMERICAL_SINGULARITY,v12_3d_fullrun.msg,438,***WARNING: SOLVER PROBLEM. NUMERICAL SINGULARITY WHEN PROCESSING NODE | POWERHOUSE_INSTALLATION_BAY_I.40 D.O.F. 3 RATIO = 274.469E+12 .,powerhouse structure (B),suppress in core; restore powerhouse group with a verified foundation load path
POWERHOUSE_INSTALLATION_BAY_I,41,1,NUMERICAL_SINGULARITY,v12_3d_fullrun.msg,442,***WARNING: SOLVER PROBLEM. NUMERICAL SINGULARITY WHEN PROCESSING NODE | POWERHOUSE_INSTALLATION_BAY_I.41 D.O.F. 1 RATIO = 1.04529E+15.,powerhouse structure (B),suppress in core; restore powerhouse group with a verified foundation load path
POWERHOUSE_INSTALLATION_BAY_I,41,2,NUMERICAL_SINGULARITY,v12_3d_fullrun.msg,446,***WARNING: SOLVER PROBLEM. NUMERICAL SINGULARITY WHEN PROCESSING NODE | POWERHOUSE_INSTALLATION_BAY_I.41 D.O.F. 2 RATIO = 589.824E+12 .,powerhouse structure (B),suppress in core; restore powerhouse group with a verified foundation load path
POWERHOUSE_INSTALLATION_BAY_I,41,3,NUMERICAL_SINGULARITY,v12_3d_fullrun.msg,450,***WARNING: SOLVER PROBLEM. NUMERICAL SINGULARITY WHEN PROCESSING NODE | POWERHOUSE_INSTALLATION_BAY_I.41 D.O.F. 3 RATIO = 4.51775E+15.,powerhouse structure (B),suppress in core; restore powerhouse group with a verified foundation load path
POWERHOUSE_UNIT_01_I,55,3,NUMERICAL_SINGULARITY,v12_3d_fullrun.msg,660,***WARNING: SOLVER PROBLEM. NUMERICAL SINGULARITY WHEN PROCESSING NODE | POWERHOUSE_UNIT_01_I.55 D.O.F. 3 RATIO = 447.611E+12 .,powerhouse structure (B),suppress in core; restore powerhouse group with a verified foundation load path
POWERHOUSE_UNIT_01_I,59,2,NUMERICAL_SINGULARITY,v12_3d_fullrun.msg,664,***WARNING: SOLVER PROBLEM. NUMERICAL SINGULARITY WHEN PROCESSING NODE | POWERHOUSE_UNIT_01_I.59 D.O.F. 2 RATIO = 794.228E+12 .,powerhouse structure (B),suppress in core; restore powerhouse group with a verified foundation load path
POWERHOUSE_UNIT_01_I,59,3,NUMERICAL_SINGULARITY,v12_3d_fullrun.msg,668,***WARNING: SOLVER PROBLEM. NUMERICAL SINGULARITY WHEN PROCESSING NODE | POWERHOUSE_UNIT_01_I.59 D.O.F. 3 RATIO = 32.8015E+12 .,powerhouse structure (B),suppress in core; restore powerhouse group with a verified foundation load path
POWERHOUSE_UNIT_01_I,60,1,NUMERICAL_SINGULARITY,v12_3d_fullrun.msg,672,***WARNING: SOLVER PROBLEM. NUMERICAL SINGULARITY WHEN PROCESSING NODE | POWERHOUSE_UNIT_01_I.60 D.O.F. 1 RATIO = 88.2242E+12 .,powerhouse structure (B),suppress in core; restore powerhouse group with a verified foundation load path
POWERHOUSE_UNIT_01_I,60,2,NUMERICAL_SINGULARITY,v12_3d_fullrun.msg,676,***WARNING: SOLVER PROBLEM. NUMERICAL SINGULARITY WHEN PROCESSING NODE | POWERHOUSE_UNIT_01_I.60 D.O.F. 2 RATIO = 436.474E+12 .,powerhouse structure (B),suppress in core; restore powerhouse group with a verified foundation load path
POWERHOUSE_UNIT_01_I,60,3,NUMERICAL_SINGULARITY,v12_3d_fullrun.msg,680,***WARNING: SOLVER PROBLEM. NUMERICAL SINGULARITY WHEN PROCESSING NODE | POWERHOUSE_UNIT_01_I.60 D.O.F. 3 RATIO = 24.4561E+15 .,powerhouse structure (B),suppress in core; restore powerhouse group with a verified foundation load path
POWERHOUSE_UNIT_02_I,55,3,NUMERICAL_SINGULARITY,v12_3d_fullrun.msg,334,***WARNING: SOLVER PROBLEM. NUMERICAL SINGULARITY WHEN PROCESSING NODE | POWERHOUSE_UNIT_02_I.55 D.O.F. 3 RATIO = 207.715E+12 .,powerhouse structure (B),suppress in core; restore powerhouse group with a verified foundation load path
POWERHOUSE_UNIT_02_I,59,2,NUMERICAL_SINGULARITY,v12_3d_fullrun.msg,338,***WARNING: SOLVER PROBLEM. NUMERICAL SINGULARITY WHEN PROCESSING NODE | POWERHOUSE_UNIT_02_I.59 D.O.F. 2 RATIO = 70.3746E+12 .,powerhouse structure (B),suppress in core; restore powerhouse group with a verified foundation load path
POWERHOUSE_UNIT_02_I,59,3,NUMERICAL_SINGULARITY,v12_3d_fullrun.msg,342,***WARNING: SOLVER PROBLEM. NUMERICAL SINGULARITY WHEN PROCESSING NODE | POWERHOUSE_UNIT_02_I.59 D.O.F. 3 RATIO = 33.8219E+12 .,powerhouse structure (B),suppress in core; restore powerhouse group with a verified foundation load path
POWERHOUSE_UNIT_02_I,60,1,NUMERICAL_SINGULARITY,v12_3d_fullrun.msg,346,***WARNING: SOLVER PROBLEM. NUMERICAL SINGULARITY WHEN PROCESSING NODE | POWERHOUSE_UNIT_02_I.60 D.O.F. 1 RATIO = 12.5739E+15 .,powerhouse structure (B),suppress in core; restore powerhouse group with a verified foundation load path
POWERHOUSE_UNIT_02_I,60,2,NUMERICAL_SINGULARITY,v12_3d_fullrun.msg,350,***WARNING: SOLVER PROBLEM. NUMERICAL SINGULARITY WHEN PROCESSING NODE | POWERHOUSE_UNIT_02_I.60 D.O.F. 2 RATIO = 45.2611E+12 .,powerhouse structure (B),suppress in core; restore powerhouse group with a verified foundation load path
POWERHOUSE_UNIT_02_I,60,3,NUMERICAL_SINGULARITY,v12_3d_fullrun.msg,354,***WARNING: SOLVER PROBLEM. NUMERICAL SINGULARITY WHEN PROCESSING NODE | POWERHOUSE_UNIT_02_I.60 D.O.F. 3 RATIO = 1.31052E+15.,powerhouse structure (B),suppress in core; restore powerhouse group with a verified foundation load path
POWERHOUSE_UNIT_03_I,55,3,NUMERICAL_SINGULARITY,v12_3d_fullrun.msg,1394,***WARNING: SOLVER PROBLEM. NUMERICAL SINGULARITY WHEN PROCESSING NODE | POWERHOUSE_UNIT_03_I.55 D.O.F. 3 RATIO = 295.174E+12 .,powerhouse structure (B),suppress in core; restore powerhouse group with a verified foundation load path
POWERHOUSE_UNIT_03_I,59,2,NUMERICAL_SINGULARITY,v12_3d_fullrun.msg,1398,***WARNING: SOLVER PROBLEM. NUMERICAL SINGULARITY WHEN PROCESSING NODE | POWERHOUSE_UNIT_03_I.59 D.O.F. 2 RATIO = 58.2468E+12 .,powerhouse structure (B),suppress in core; restore powerhouse group with a verified foundation load path
POWERHOUSE_UNIT_03_I,59,3,NUMERICAL_SINGULARITY,v12_3d_fullrun.msg,1402,***WARNING: SOLVER PROBLEM. NUMERICAL SINGULARITY WHEN PROCESSING NODE | POWERHOUSE_UNIT_03_I.59 D.O.F. 3 RATIO = 50.6089E+12 .,powerhouse structure (B),suppress in core; restore powerhouse group with a verified foundation load path
POWERHOUSE_UNIT_03_I,60,1,NUMERICAL_SINGULARITY,v12_3d_fullrun.msg,1406,***WARNING: SOLVER PROBLEM. NUMERICAL SINGULARITY WHEN PROCESSING NODE | POWERHOUSE_UNIT_03_I.60 D.O.F. 1 RATIO = 210.431E+12 .,powerhouse structure (B),suppress in core; restore powerhouse group with a verified foundation load path
POWERHOUSE_UNIT_03_I,60,2,NUMERICAL_SINGULARITY,v12_3d_fullrun.msg,1410,***WARNING: SOLVER PROBLEM. NUMERICAL SINGULARITY WHEN PROCESSING NODE | POWERHOUSE_UNIT_03_I.60 D.O.F. 2 RATIO = 33.1296E+15 .,powerhouse structure (B),suppress in core; restore powerhouse group with a verified foundation load path
POWERHOUSE_UNIT_03_I,60,3,NUMERICAL_SINGULARITY,v12_3d_fullrun.msg,1414,***WARNING: SOLVER PROBLEM. NUMERICAL SINGULARITY WHEN PROCESSING NODE | POWERHOUSE_UNIT_03_I.60 D.O.F. 3 RATIO = 99.6009E+12 .,powerhouse structure (B),suppress in core; restore powerhouse group with a verified foundation load path
POWERHOUSE_UNIT_04_I,49,3,NUMERICAL_SINGULARITY,v12_3d_fullrun.msg,358,***WARNING: SOLVER PROBLEM. NUMERICAL SINGULARITY WHEN PROCESSING NODE | POWERHOUSE_UNIT_04_I.49 D.O.F. 3 RATIO = 282.911E+12 .,powerhouse structure (B),suppress in core; restore powerhouse group with a verified foundation load path
POWERHOUSE_UNIT_04_I,57,2,NUMERICAL_SINGULARITY,v12_3d_fullrun.msg,362,***WARNING: SOLVER PROBLEM. NUMERICAL SINGULARITY WHEN PROCESSING NODE | POWERHOUSE_UNIT_04_I.57 D.O.F. 2 RATIO = 440.146E+12 .,powerhouse structure (B),suppress in core; restore powerhouse group with a verified foundation load path
POWERHOUSE_UNIT_04_I,57,3,NUMERICAL_SINGULARITY,v12_3d_fullrun.msg,366,***WARNING: SOLVER PROBLEM. NUMERICAL SINGULARITY WHEN PROCESSING NODE | POWERHOUSE_UNIT_04_I.57 D.O.F. 3 RATIO = 571.305E+12 .,powerhouse structure (B),suppress in core; restore powerhouse group with a verified foundation load path
POWERHOUSE_UNIT_04_I,59,1,NUMERICAL_SINGULARITY,v12_3d_fullrun.msg,370,***WARNING: SOLVER PROBLEM. NUMERICAL SINGULARITY WHEN PROCESSING NODE | POWERHOUSE_UNIT_04_I.59 D.O.F. 1 RATIO = 634.773E+12 .,powerhouse structure (B),suppress in core; restore powerhouse group with a verified foundation load path
POWERHOUSE_UNIT_04_I,59,2,NUMERICAL_SINGULARITY,v12_3d_fullrun.msg,374,***WARNING: SOLVER PROBLEM. NUMERICAL SINGULARITY WHEN PROCESSING NODE | POWERHOUSE_UNIT_04_I.59 D.O.F. 2 RATIO = 976.771E+12 .,powerhouse structure (B),suppress in core; restore powerhouse group with a verified foundation load path
POWERHOUSE_UNIT_04_I,59,3,NUMERICAL_SINGULARITY,v12_3d_fullrun.msg,378,***WARNING: SOLVER PROBLEM. NUMERICAL SINGULARITY WHEN PROCESSING NODE | POWERHOUSE_UNIT_04_I.59 D.O.F. 3 RATIO = 549.826E+12 .,powerhouse structure (B),suppress in core; restore powerhouse group with a verified foundation load path
RIGHT_BX01_I,6,2,NUMERICAL_SINGULARITY,v12_3d_fullrun.msg,1346,***WARNING: SOLVER PROBLEM. NUMERICAL SINGULARITY WHEN PROCESSING NODE | RIGHT_BX01_I.6 D.O.F. 2 RATIO = 173.126E+12 .,right/left-bank deformation body (D),suppress in core; retain only after actual overlap/support to bank geology is verified
RIGHT_BX01_I,13,2,NUMERICAL_SINGULARITY,v12_3d_fullrun.msg,1350,***WARNING: SOLVER PROBLEM. NUMERICAL SINGULARITY WHEN PROCESSING NODE | RIGHT_BX01_I.13 D.O.F. 2 RATIO = 1.48849E+15.,right/left-bank deformation body (D),suppress in core; retain only after actual overlap/support to bank geology is verified
RIGHT_BX01_I,13,3,NUMERICAL_SINGULARITY,v12_3d_fullrun.msg,1354,***WARNING: SOLVER PROBLEM. NUMERICAL SINGULARITY WHEN PROCESSING NODE | RIGHT_BX01_I.13 D.O.F. 3 RATIO = 1.59366E+15.,right/left-bank deformation body (D),suppress in core; retain only after actual overlap/support to bank geology is verified
RIGHT_BX01_I,14,1,NUMERICAL_SINGULARITY,v12_3d_fullrun.msg,1358,***WARNING: SOLVER PROBLEM. NUMERICAL SINGULARITY WHEN PROCESSING NODE | RIGHT_BX01_I.14 D.O.F. 1 RATIO = 16.7341E+15 .,right/left-bank deformation body (D),suppress in core; retain only after actual overlap/support to bank geology is verified
RIGHT_BX01_I,14,2,NUMERICAL_SINGULARITY,v12_3d_fullrun.msg,1362,***WARNING: SOLVER PROBLEM. NUMERICAL SINGULARITY WHEN PROCESSING NODE | RIGHT_BX01_I.14 D.O.F. 2 RATIO = 486.446E+12 .,right/left-bank deformation body (D),suppress in core; retain only after actual overlap/support to bank geology is verified
RIGHT_BX01_I,14,3,NUMERICAL_SINGULARITY,v12_3d_fullrun.msg,1366,***WARNING: SOLVER PROBLEM. NUMERICAL SINGULARITY WHEN PROCESSING NODE | RIGHT_BX01_I.14 D.O.F. 3 RATIO = 1.94013E+15.,right/left-bank deformation body (D),suppress in core; retain only after actual overlap/support to bank geology is verified
RIGHT_BX02_I,6,2,NUMERICAL_SINGULARITY,v12_3d_fullrun.msg,406,***WARNING: SOLVER PROBLEM. NUMERICAL SINGULARITY WHEN PROCESSING NODE | RIGHT_BX02_I.6 D.O.F. 2 RATIO = 4.81711E+15.,right/left-bank deformation body (D),suppress in core; retain only after actual overlap/support to bank geology is verified
RIGHT_BX02_I,13,2,NUMERICAL_SINGULARITY,v12_3d_fullrun.msg,410,***WARNING: SOLVER PROBLEM. NUMERICAL SINGULARITY WHEN PROCESSING NODE | RIGHT_BX02_I.13 D.O.F. 2 RATIO = 139.732E+12 .,right/left-bank deformation body (D),suppress in core; retain only after actual overlap/support to bank geology is verified
RIGHT_BX02_I,13,3,NUMERICAL_SINGULARITY,v12_3d_fullrun.msg,414,***WARNING: SOLVER PROBLEM. NUMERICAL SINGULARITY WHEN PROCESSING NODE | RIGHT_BX02_I.13 D.O.F. 3 RATIO = 528.432E+12 .,right/left-bank deformation body (D),suppress in core; retain only after actual overlap/support to bank geology is verified
RIGHT_BX02_I,14,1,NUMERICAL_SINGULARITY,v12_3d_fullrun.msg,418,***WARNING: SOLVER PROBLEM. NUMERICAL SINGULARITY WHEN PROCESSING NODE | RIGHT_BX02_I.14 D.O.F. 1 RATIO = 5.97146E+15.,right/left-bank deformation body (D),suppress in core; retain only after actual overlap/support to bank geology is verified
RIGHT_BX02_I,14,2,NUMERICAL_SINGULARITY,v12_3d_fullrun.msg,422,***WARNING: SOLVER PROBLEM. NUMERICAL SINGULARITY WHEN PROCESSING NODE | RIGHT_BX02_I.14 D.O.F. 2 RATIO = 855.683E+12 .,right/left-bank deformation body (D),suppress in core; retain only after actual overlap/support to bank geology is verified
RIGHT_BX02_I,14,3,NUMERICAL_SINGULARITY,v12_3d_fullrun.msg,426,***WARNING: SOLVER PROBLEM. NUMERICAL SINGULARITY WHEN PROCESSING NODE | RIGHT_BX02_I.14 D.O.F. 3 RATIO = 1.48945E+15.,right/left-bank deformation body (D),suppress in core; retain only after actual overlap/support to bank geology is verified
RIGHT_BX03_I,6,2,NUMERICAL_SINGULARITY,v12_3d_fullrun.msg,526,***WARNING: SOLVER PROBLEM. NUMERICAL SINGULARITY WHEN PROCESSING NODE | RIGHT_BX03_I.6 D.O.F. 2 RATIO = 2.20390E+15.,right/left-bank deformation body (D),suppress in core; retain only after actual overlap/support to bank geology is verified
RIGHT_BX03_I,13,2,NUMERICAL_SINGULARITY,v12_3d_fullrun.msg,530,***WARNING: SOLVER PROBLEM. NUMERICAL SINGULARITY WHEN PROCESSING NODE | RIGHT_BX03_I.13 D.O.F. 2 RATIO = 5.63664E+15.,right/left-bank deformation body (D),suppress in core; retain only after actual overlap/support to bank geology is verified
RIGHT_BX03_I,13,3,NUMERICAL_SINGULARITY,v12_3d_fullrun.msg,534,***WARNING: SOLVER PROBLEM. NUMERICAL SINGULARITY WHEN PROCESSING NODE | RIGHT_BX03_I.13 D.O.F. 3 RATIO = 608.343E+12 .,right/left-bank deformation body (D),suppress in core; retain only after actual overlap/support to bank geology is verified
RIGHT_BX03_I,14,1,NUMERICAL_SINGULARITY,v12_3d_fullrun.msg,538,***WARNING: SOLVER PROBLEM. NUMERICAL SINGULARITY WHEN PROCESSING NODE | RIGHT_BX03_I.14 D.O.F. 1 RATIO = 1.66841E+15. | ***WARNING: SOLVER PROBLEM. NUMERICAL SINGULARITY: THE MAXIMUM NUMBER OF,right/left-bank deformation body (D),suppress in core; retain only after actual overlap/support to bank geology is verified
RIGHT_BX03_I,14,2,NUMERICAL_SINGULARITY,v12_3d_fullrun.msg,1338,***WARNING: SOLVER PROBLEM. NUMERICAL SINGULARITY WHEN PROCESSING NODE | RIGHT_BX03_I.14 D.O.F. 2 RATIO = 369.402E+12 .,right/left-bank deformation body (D),suppress in core; retain only after actual overlap/support to bank geology is verified
RIGHT_BX03_I,14,3,NUMERICAL_SINGULARITY,v12_3d_fullrun.msg,1342,***WARNING: SOLVER PROBLEM. NUMERICAL SINGULARITY WHEN PROCESSING NODE | RIGHT_BX03_I.14 D.O.F. 3 RATIO = 1.93249E+15.,right/left-bank deformation body (D),suppress in core; retain only after actual overlap/support to bank geology is verified
RIGHT_CURTAIN_GROUTING_ZONE_I,68,1,NUMERICAL_SINGULARITY,v12_3d_fullrun.msg,458,***WARNING: SOLVER PROBLEM. NUMERICAL SINGULARITY WHEN PROCESSING NODE | RIGHT_CURTAIN_GROUTING_ZONE_I.68 D.O.F. 1 RATIO = 324.313E+12 .,main dam/foundation/geology (A),retain; repair only with shared nodes or a geometrically valid supporting interface
RIGHT_CURTAIN_GROUTING_ZONE_I,68,2,NUMERICAL_SINGULARITY,v12_3d_fullrun.msg,462,***WARNING: SOLVER PROBLEM. NUMERICAL SINGULARITY WHEN PROCESSING NODE | RIGHT_CURTAIN_GROUTING_ZONE_I.68 D.O.F. 2 RATIO = 3.13772E+12.,main dam/foundation/geology (A),retain; repair only with shared nodes or a geometrically valid supporting interface
RIGHT_CURTAIN_GROUTING_ZONE_I,69,2,NUMERICAL_SINGULARITY,v12_3d_fullrun.msg,454,***WARNING: SOLVER PROBLEM. NUMERICAL SINGULARITY WHEN PROCESSING NODE | RIGHT_CURTAIN_GROUTING_ZONE_I.69 D.O.F. 2 RATIO = 136.036E+09 .,main dam/foundation/geology (A),retain; repair only with shared nodes or a geometrically valid supporting interface
RIGHT_CURTAIN_GROUTING_ZONE_I,82,1,NUMERICAL_SINGULARITY,v12_3d_fullrun.msg,466,***WARNING: SOLVER PROBLEM. NUMERICAL SINGULARITY WHEN PROCESSING NODE | RIGHT_CURTAIN_GROUTING_ZONE_I.82 D.O.F. 1 RATIO = 473.547E+12 .,main dam/foundation/geology (A),retain; repair only with shared nodes or a geometrically valid supporting interface
RIGHT_CURTAIN_GROUTING_ZONE_I,82,2,NUMERICAL_SINGULARITY,v12_3d_fullrun.msg,470,***WARNING: SOLVER PROBLEM. NUMERICAL SINGULARITY WHEN PROCESSING NODE | RIGHT_CURTAIN_GROUTING_ZONE_I.82 D.O.F. 2 RATIO = 150.875E+12 .,main dam/foundation/geology (A),retain; repair only with shared nodes or a geometrically valid supporting interface
RIGHT_CURTAIN_GROUTING_ZONE_I,82,3,NUMERICAL_SINGULARITY,v12_3d_fullrun.msg,474,***WARNING: SOLVER PROBLEM. NUMERICAL SINGULARITY WHEN PROCESSING NODE | RIGHT_CURTAIN_GROUTING_ZONE_I.82 D.O.F. 3 RATIO = 83.4538E+12 .,main dam/foundation/geology (A),retain; repair only with shared nodes or a geometrically valid supporting interface
SPILLWAY_BAY_01_I,31,3,NUMERICAL_SINGULARITY,v12_3d_fullrun.msg,166,***WARNING: SOLVER PROBLEM. NUMERICAL SINGULARITY WHEN PROCESSING NODE | SPILLWAY_BAY_01_I.31 D.O.F. 3 RATIO = 269.269E+12 .,spillway structure (B),suppress in core; restore spillway group with supporting-foundation contact/tie
SPILLWAY_BAY_01_I,34,1,NUMERICAL_SINGULARITY,v12_3d_fullrun.msg,170,***WARNING: SOLVER PROBLEM. NUMERICAL SINGULARITY WHEN PROCESSING NODE | SPILLWAY_BAY_01_I.34 D.O.F. 1 RATIO = 54.1121E+12 .,spillway structure (B),suppress in core; restore spillway group with supporting-foundation contact/tie
SPILLWAY_BAY_01_I,34,3,NUMERICAL_SINGULARITY,v12_3d_fullrun.msg,174,***WARNING: SOLVER PROBLEM. NUMERICAL SINGULARITY WHEN PROCESSING NODE | SPILLWAY_BAY_01_I.34 D.O.F. 3 RATIO = 196.177E+12 .,spillway structure (B),suppress in core; restore spillway group with supporting-foundation contact/tie
SPILLWAY_BAY_01_I,38,1,NUMERICAL_SINGULARITY,v12_3d_fullrun.msg,178,***WARNING: SOLVER PROBLEM. NUMERICAL SINGULARITY WHEN PROCESSING NODE | SPILLWAY_BAY_01_I.38 D.O.F. 1 RATIO = 607.400E+12 .,spillway structure (B),suppress in core; restore spillway group with supporting-foundation contact/tie
SPILLWAY_BAY_01_I,38,2,NUMERICAL_SINGULARITY,v12_3d_fullrun.msg,182,***WARNING: SOLVER PROBLEM. NUMERICAL SINGULARITY WHEN PROCESSING NODE | SPILLWAY_BAY_01_I.38 D.O.F. 2 RATIO = 8.15137E+15.,spillway structure (B),suppress in core; restore spillway group with supporting-foundation contact/tie
SPILLWAY_BAY_01_I,38,3,NUMERICAL_SINGULARITY,v12_3d_fullrun.msg,186,***WARNING: SOLVER PROBLEM. NUMERICAL SINGULARITY WHEN PROCESSING NODE | SPILLWAY_BAY_01_I.38 D.O.F. 3 RATIO = 532.325E+12 .,spillway structure (B),suppress in core; restore spillway group with supporting-foundation contact/tie
SPILLWAY_BAY_02_I,31,3,NUMERICAL_SINGULARITY,v12_3d_fullrun.msg,190,***WARNING: SOLVER PROBLEM. NUMERICAL SINGULARITY WHEN PROCESSING NODE | SPILLWAY_BAY_02_I.31 D.O.F. 3 RATIO = 341.841E+12 .,spillway structure (B),suppress in core; restore spillway group with supporting-foundation contact/tie
SPILLWAY_BAY_02_I,34,1,NUMERICAL_SINGULARITY,v12_3d_fullrun.msg,194,***WARNING: SOLVER PROBLEM. NUMERICAL SINGULARITY WHEN PROCESSING NODE | SPILLWAY_BAY_02_I.34 D.O.F. 1 RATIO = 54.3485E+12 .,spillway structure (B),suppress in core; restore spillway group with supporting-foundation contact/tie
SPILLWAY_BAY_02_I,34,3,NUMERICAL_SINGULARITY,v12_3d_fullrun.msg,198,***WARNING: SOLVER PROBLEM. NUMERICAL SINGULARITY WHEN PROCESSING NODE | SPILLWAY_BAY_02_I.34 D.O.F. 3 RATIO = 220.056E+12 .,spillway structure (B),suppress in core; restore spillway group with supporting-foundation contact/tie
SPILLWAY_BAY_02_I,38,1,NUMERICAL_SINGULARITY,v12_3d_fullrun.msg,202,***WARNING: SOLVER PROBLEM. NUMERICAL SINGULARITY WHEN PROCESSING NODE | SPILLWAY_BAY_02_I.38 D.O.F. 1 RATIO = 5.85319E+15.,spillway structure (B),suppress in core; restore spillway group with supporting-foundation contact/tie
SPILLWAY_BAY_02_I,38,2,NUMERICAL_SINGULARITY,v12_3d_fullrun.msg,206,***WARNING: SOLVER PROBLEM. NUMERICAL SINGULARITY WHEN PROCESSING NODE | SPILLWAY_BAY_02_I.38 D.O.F. 2 RATIO = 1.95490E+15.,spillway structure (B),suppress in core; restore spillway group with supporting-foundation contact/tie
SPILLWAY_BAY_02_I,38,3,NUMERICAL_SINGULARITY,v12_3d_fullrun.msg,210,***WARNING: SOLVER PROBLEM. NUMERICAL SINGULARITY WHEN PROCESSING NODE | SPILLWAY_BAY_02_I.38 D.O.F. 3 RATIO = 1.32217E+15.,spillway structure (B),suppress in core; restore spillway group with supporting-foundation contact/tie
SPILLWAY_BAY_03_I,31,3,NUMERICAL_SINGULARITY,v12_3d_fullrun.msg,1528,***WARNING: SOLVER PROBLEM. NUMERICAL SINGULARITY WHEN PROCESSING NODE | SPILLWAY_BAY_03_I.31 D.O.F. 3 RATIO = 341.841E+12 .,spillway structure (B),suppress in core; restore spillway group with supporting-foundation contact/tie
SPILLWAY_BAY_03_I,34,1,NUMERICAL_SINGULARITY,v12_3d_fullrun.msg,1532,***WARNING: SOLVER PROBLEM. NUMERICAL SINGULARITY WHEN PROCESSING NODE | SPILLWAY_BAY_03_I.34 D.O.F. 1 RATIO = 54.3485E+12 .,spillway structure (B),suppress in core; restore spillway group with supporting-foundation contact/tie
SPILLWAY_BAY_03_I,34,3,NUMERICAL_SINGULARITY,v12_3d_fullrun.msg,1536,***WARNING: SOLVER PROBLEM. NUMERICAL SINGULARITY WHEN PROCESSING NODE | SPILLWAY_BAY_03_I.34 D.O.F. 3 RATIO = 220.056E+12 .,spillway structure (B),suppress in core; restore spillway group with supporting-foundation contact/tie
SPILLWAY_BAY_03_I,38,1,NUMERICAL_SINGULARITY,v12_3d_fullrun.msg,1540,***WARNING: SOLVER PROBLEM. NUMERICAL SINGULARITY WHEN PROCESSING NODE | SPILLWAY_BAY_03_I.38 D.O.F. 1 RATIO = 5.85319E+15.,spillway structure (B),suppress in core; restore spillway group with supporting-foundation contact/tie
SPILLWAY_BAY_03_I,38,2,NUMERICAL_SINGULARITY,v12_3d_fullrun.msg,1544,***WARNING: SOLVER PROBLEM. NUMERICAL SINGULARITY WHEN PROCESSING NODE | SPILLWAY_BAY_03_I.38 D.O.F. 2 RATIO = 1.95490E+15.,spillway structure (B),suppress in core; restore spillway group with supporting-foundation contact/tie
SPILLWAY_BAY_03_I,38,3,NUMERICAL_SINGULARITY,v12_3d_fullrun.msg,1548,***WARNING: SOLVER PROBLEM. NUMERICAL SINGULARITY WHEN PROCESSING NODE | SPILLWAY_BAY_03_I.38 D.O.F. 3 RATIO = 1.32217E+15.,spillway structure (B),suppress in core; restore spillway group with supporting-foundation contact/tie
SPILLWAY_BAY_04_I,31,3,NUMERICAL_SINGULARITY,v12_3d_fullrun.msg,636,***WARNING: SOLVER PROBLEM. NUMERICAL SINGULARITY WHEN PROCESSING NODE | SPILLWAY_BAY_04_I.31 D.O.F. 3 RATIO = 341.841E+12 .,spillway structure (B),suppress in core; restore spillway group with supporting-foundation contact/tie
SPILLWAY_BAY_04_I,34,1,NUMERICAL_SINGULARITY,v12_3d_fullrun.msg,640,***WARNING: SOLVER PROBLEM. NUMERICAL SINGULARITY WHEN PROCESSING NODE | SPILLWAY_BAY_04_I.34 D.O.F. 1 RATIO = 54.3485E+12 .,spillway structure (B),suppress in core; restore spillway group with supporting-foundation contact/tie
SPILLWAY_BAY_04_I,34,3,NUMERICAL_SINGULARITY,v12_3d_fullrun.msg,644,***WARNING: SOLVER PROBLEM. NUMERICAL SINGULARITY WHEN PROCESSING NODE | SPILLWAY_BAY_04_I.34 D.O.F. 3 RATIO = 220.056E+12 .,spillway structure (B),suppress in core; restore spillway group with supporting-foundation contact/tie
SPILLWAY_BAY_04_I,38,1,NUMERICAL_SINGULARITY,v12_3d_fullrun.msg,648,***WARNING: SOLVER PROBLEM. NUMERICAL SINGULARITY WHEN PROCESSING NODE | SPILLWAY_BAY_04_I.38 D.O.F. 1 RATIO = 5.85319E+15.,spillway structure (B),suppress in core; restore spillway group with supporting-foundation contact/tie
SPILLWAY_BAY_04_I,38,2,NUMERICAL_SINGULARITY,v12_3d_fullrun.msg,652,***WARNING: SOLVER PROBLEM. NUMERICAL SINGULARITY WHEN PROCESSING NODE | SPILLWAY_BAY_04_I.38 D.O.F. 2 RATIO = 1.95490E+15.,spillway structure (B),suppress in core; restore spillway group with supporting-foundation contact/tie
SPILLWAY_BAY_04_I,38,3,NUMERICAL_SINGULARITY,v12_3d_fullrun.msg,656,***WARNING: SOLVER PROBLEM. NUMERICAL SINGULARITY WHEN PROCESSING NODE | SPILLWAY_BAY_04_I.38 D.O.F. 3 RATIO = 1.32217E+15.,spillway structure (B),suppress in core; restore spillway group with supporting-foundation contact/tie
SPILLWAY_BAY_05_I,31,3,NUMERICAL_SINGULARITY,v12_3d_fullrun.msg,1370,***WARNING: SOLVER PROBLEM. NUMERICAL SINGULARITY WHEN PROCESSING NODE | SPILLWAY_BAY_05_I.31 D.O.F. 3 RATIO = 341.841E+12 .,spillway structure (B),suppress in core; restore spillway group with supporting-foundation contact/tie
SPILLWAY_BAY_05_I,34,1,NUMERICAL_SINGULARITY,v12_3d_fullrun.msg,1374,***WARNING: SOLVER PROBLEM. NUMERICAL SINGULARITY WHEN PROCESSING NODE | SPILLWAY_BAY_05_I.34 D.O.F. 1 RATIO = 54.3485E+12 .,spillway structure (B),suppress in core; restore spillway group with supporting-foundation contact/tie
SPILLWAY_BAY_05_I,34,3,NUMERICAL_SINGULARITY,v12_3d_fullrun.msg,1378,***WARNING: SOLVER PROBLEM. NUMERICAL SINGULARITY WHEN PROCESSING NODE | SPILLWAY_BAY_05_I.34 D.O.F. 3 RATIO = 220.056E+12 .,spillway structure (B),suppress in core; restore spillway group with supporting-foundation contact/tie
SPILLWAY_BAY_05_I,38,1,NUMERICAL_SINGULARITY,v12_3d_fullrun.msg,1382,***WARNING: SOLVER PROBLEM. NUMERICAL SINGULARITY WHEN PROCESSING NODE | SPILLWAY_BAY_05_I.38 D.O.F. 1 RATIO = 5.85319E+15.,spillway structure (B),suppress in core; restore spillway group with supporting-foundation contact/tie
SPILLWAY_BAY_05_I,38,2,NUMERICAL_SINGULARITY,v12_3d_fullrun.msg,1386,***WARNING: SOLVER PROBLEM. NUMERICAL SINGULARITY WHEN PROCESSING NODE | SPILLWAY_BAY_05_I.38 D.O.F. 2 RATIO = 1.95490E+15.,spillway structure (B),suppress in core; restore spillway group with supporting-foundation contact/tie
SPILLWAY_BAY_05_I,38,3,NUMERICAL_SINGULARITY,v12_3d_fullrun.msg,1390,***WARNING: SOLVER PROBLEM. NUMERICAL SINGULARITY WHEN PROCESSING NODE | SPILLWAY_BAY_05_I.38 D.O.F. 3 RATIO = 1.32217E+15.,spillway structure (B),suppress in core; restore spillway group with supporting-foundation contact/tie
SPILLWAY_BAY_06_I,31,3,NUMERICAL_SINGULARITY,v12_3d_fullrun.msg,310,***WARNING: SOLVER PROBLEM. NUMERICAL SINGULARITY WHEN PROCESSING NODE | SPILLWAY_BAY_06_I.31 D.O.F. 3 RATIO = 341.841E+12 .,spillway structure (B),suppress in core; restore spillway group with supporting-foundation contact/tie
SPILLWAY_BAY_06_I,34,1,NUMERICAL_SINGULARITY,v12_3d_fullrun.msg,314,***WARNING: SOLVER PROBLEM. NUMERICAL SINGULARITY WHEN PROCESSING NODE | SPILLWAY_BAY_06_I.34 D.O.F. 1 RATIO = 54.3485E+12 .,spillway structure (B),suppress in core; restore spillway group with supporting-foundation contact/tie
SPILLWAY_BAY_06_I,34,3,NUMERICAL_SINGULARITY,v12_3d_fullrun.msg,318,***WARNING: SOLVER PROBLEM. NUMERICAL SINGULARITY WHEN PROCESSING NODE | SPILLWAY_BAY_06_I.34 D.O.F. 3 RATIO = 220.056E+12 .,spillway structure (B),suppress in core; restore spillway group with supporting-foundation contact/tie
SPILLWAY_BAY_06_I,38,1,NUMERICAL_SINGULARITY,v12_3d_fullrun.msg,322,***WARNING: SOLVER PROBLEM. NUMERICAL SINGULARITY WHEN PROCESSING NODE | SPILLWAY_BAY_06_I.38 D.O.F. 1 RATIO = 5.85319E+15.,spillway structure (B),suppress in core; restore spillway group with supporting-foundation contact/tie
SPILLWAY_BAY_06_I,38,2,NUMERICAL_SINGULARITY,v12_3d_fullrun.msg,326,***WARNING: SOLVER PROBLEM. NUMERICAL SINGULARITY WHEN PROCESSING NODE | SPILLWAY_BAY_06_I.38 D.O.F. 2 RATIO = 1.95490E+15.,spillway structure (B),suppress in core; restore spillway group with supporting-foundation contact/tie
SPILLWAY_BAY_06_I,38,3,NUMERICAL_SINGULARITY,v12_3d_fullrun.msg,330,***WARNING: SOLVER PROBLEM. NUMERICAL SINGULARITY WHEN PROCESSING NODE | SPILLWAY_BAY_06_I.38 D.O.F. 3 RATIO = 1.32217E+15.,spillway structure (B),suppress in core; restore spillway group with supporting-foundation contact/tie
SPILLWAY_BAY_08_I,31,1,NUMERICAL_SINGULARITY,v12_3d_fullrun.msg,708,***WARNING: SOLVER PROBLEM. NUMERICAL SINGULARITY WHEN PROCESSING NODE | SPILLWAY_BAY_08_I.31 D.O.F. 1 RATIO = 10.0264E+12 .,spillway structure (B),suppress in core; restore spillway group with supporting-foundation contact/tie
SPILLWAY_BAY_08_I,35,1,NUMERICAL_SINGULARITY,v12_3d_fullrun.msg,712,***WARNING: SOLVER PROBLEM. NUMERICAL SINGULARITY WHEN PROCESSING NODE | SPILLWAY_BAY_08_I.35 D.O.F. 1 RATIO = 255.634E+12 .,spillway structure (B),suppress in core; restore spillway group with supporting-foundation contact/tie
SPILLWAY_BAY_08_I,35,3,NUMERICAL_SINGULARITY,v12_3d_fullrun.msg,716,***WARNING: SOLVER PROBLEM. NUMERICAL SINGULARITY WHEN PROCESSING NODE | SPILLWAY_BAY_08_I.35 D.O.F. 3 RATIO = 84.7551E+12 .,spillway structure (B),suppress in core; restore spillway group with supporting-foundation contact/tie
SPILLWAY_BAY_08_I,39,1,NUMERICAL_SINGULARITY,v12_3d_fullrun.msg,720,***WARNING: SOLVER PROBLEM. NUMERICAL SINGULARITY WHEN PROCESSING NODE | SPILLWAY_BAY_08_I.39 D.O.F. 1 RATIO = 647.146E+12 .,spillway structure (B),suppress in core; restore spillway group with supporting-foundation contact/tie
SPILLWAY_BAY_08_I,39,2,NUMERICAL_SINGULARITY,v12_3d_fullrun.msg,724,***WARNING: SOLVER PROBLEM. NUMERICAL SINGULARITY WHEN PROCESSING NODE | SPILLWAY_BAY_08_I.39 D.O.F. 2 RATIO = 332.425E+12 .,spillway structure (B),suppress in core; restore spillway group with supporting-foundation contact/tie
SPILLWAY_BAY_08_I,39,3,NUMERICAL_SINGULARITY,v12_3d_fullrun.msg,728,***WARNING: SOLVER PROBLEM. NUMERICAL SINGULARITY WHEN PROCESSING NODE | SPILLWAY_BAY_08_I.39 D.O.F. 3 RATIO = 591.747E+12 .,spillway structure (B),suppress in core; restore spillway group with supporting-foundation contact/tie
SPILLWAY_LEFT_WALL_I,13,1,NUMERICAL_SINGULARITY,v12_3d_fullrun.msg,238,***WARNING: SOLVER PROBLEM. NUMERICAL SINGULARITY WHEN PROCESSING NODE | SPILLWAY_LEFT_WALL_I.13 D.O.F. 1 RATIO = 116.323E+12 .,spillway structure (B),suppress in core; restore spillway group with supporting-foundation contact/tie
SPILLWAY_LEFT_WALL_I,23,1,NUMERICAL_SINGULARITY,v12_3d_fullrun.msg,242,***WARNING: SOLVER PROBLEM. NUMERICAL SINGULARITY WHEN PROCESSING NODE | SPILLWAY_LEFT_WALL_I.23 D.O.F. 1 RATIO = 2.09430E+12.,spillway structure (B),suppress in core; restore spillway group with supporting-foundation contact/tie
SPILLWAY_LEFT_WALL_I,23,3,NUMERICAL_SINGULARITY,v12_3d_fullrun.msg,246,***WARNING: SOLVER PROBLEM. NUMERICAL SINGULARITY WHEN PROCESSING NODE | SPILLWAY_LEFT_WALL_I.23 D.O.F. 3 RATIO = 39.3618E+12 .,spillway structure (B),suppress in core; restore spillway group with supporting-foundation contact/tie
SPILLWAY_LEFT_WALL_I,28,1,NUMERICAL_SINGULARITY,v12_3d_fullrun.msg,250,***WARNING: SOLVER PROBLEM. NUMERICAL SINGULARITY WHEN PROCESSING NODE | SPILLWAY_LEFT_WALL_I.28 D.O.F. 1 RATIO = 341.873E+12 .,spillway structure (B),suppress in core; restore spillway group with supporting-foundation contact/tie
SPILLWAY_LEFT_WALL_I,28,2,NUMERICAL_SINGULARITY,v12_3d_fullrun.msg,254,***WARNING: SOLVER PROBLEM. NUMERICAL SINGULARITY WHEN PROCESSING NODE | SPILLWAY_LEFT_WALL_I.28 D.O.F. 2 RATIO = 1.33453E+15.,spillway structure (B),suppress in core; restore spillway group with supporting-foundation contact/tie
SPILLWAY_LEFT_WALL_I,28,3,NUMERICAL_SINGULARITY,v12_3d_fullrun.msg,258,***WARNING: SOLVER PROBLEM. NUMERICAL SINGULARITY WHEN PROCESSING NODE | SPILLWAY_LEFT_WALL_I.28 D.O.F. 3 RATIO = 388.883E+12 .,spillway structure (B),suppress in core; restore spillway group with supporting-foundation contact/tie
SPILLWAY_RIGHT_WALL_I,13,1,NUMERICAL_SINGULARITY,v12_3d_fullrun.msg,502,***WARNING: SOLVER PROBLEM. NUMERICAL SINGULARITY WHEN PROCESSING NODE | SPILLWAY_RIGHT_WALL_I.13 D.O.F. 1 RATIO = 116.323E+12 .,spillway structure (B),suppress in core; restore spillway group with supporting-foundation contact/tie
SPILLWAY_RIGHT_WALL_I,23,1,NUMERICAL_SINGULARITY,v12_3d_fullrun.msg,506,***WARNING: SOLVER PROBLEM. NUMERICAL SINGULARITY WHEN PROCESSING NODE | SPILLWAY_RIGHT_WALL_I.23 D.O.F. 1 RATIO = 2.09430E+12.,spillway structure (B),suppress in core; restore spillway group with supporting-foundation contact/tie
SPILLWAY_RIGHT_WALL_I,23,3,NUMERICAL_SINGULARITY,v12_3d_fullrun.msg,510,***WARNING: SOLVER PROBLEM. NUMERICAL SINGULARITY WHEN PROCESSING NODE | SPILLWAY_RIGHT_WALL_I.23 D.O.F. 3 RATIO = 39.3618E+12 .,spillway structure (B),suppress in core; restore spillway group with supporting-foundation contact/tie
SPILLWAY_RIGHT_WALL_I,28,1,NUMERICAL_SINGULARITY,v12_3d_fullrun.msg,514,***WARNING: SOLVER PROBLEM. NUMERICAL SINGULARITY WHEN PROCESSING NODE | SPILLWAY_RIGHT_WALL_I.28 D.O.F. 1 RATIO = 341.873E+12 .,spillway structure (B),suppress in core; restore spillway group with supporting-foundation contact/tie
SPILLWAY_RIGHT_WALL_I,28,2,NUMERICAL_SINGULARITY,v12_3d_fullrun.msg,518,***WARNING: SOLVER PROBLEM. NUMERICAL SINGULARITY WHEN PROCESSING NODE | SPILLWAY_RIGHT_WALL_I.28 D.O.F. 2 RATIO = 1.33453E+15.,spillway structure (B),suppress in core; restore spillway group with supporting-foundation contact/tie
SPILLWAY_RIGHT_WALL_I,28,3,NUMERICAL_SINGULARITY,v12_3d_fullrun.msg,522,***WARNING: SOLVER PROBLEM. NUMERICAL SINGULARITY WHEN PROCESSING NODE | SPILLWAY_RIGHT_WALL_I.28 D.O.F. 3 RATIO = 388.883E+12 .,spillway structure (B),suppress in core; restore spillway group with supporting-foundation contact/tie
SPILLWAY_STILLING_BASIN_I,53,3,NUMERICAL_SINGULARITY,v12_3d_fullrun.msg,1082,***WARNING: SOLVER PROBLEM. NUMERICAL SINGULARITY WHEN PROCESSING NODE | SPILLWAY_STILLING_BASIN_I.53 D.O.F. 3 RATIO = 133.144E+12 .,spillway structure (B),suppress in core; restore spillway group with supporting-foundation contact/tie
SPILLWAY_STILLING_BASIN_I,58,2,NUMERICAL_SINGULARITY,v12_3d_fullrun.msg,1086,***WARNING: SOLVER PROBLEM. NUMERICAL SINGULARITY WHEN PROCESSING NODE | SPILLWAY_STILLING_BASIN_I.58 D.O.F. 2 RATIO = 690.798E+12 .,spillway structure (B),suppress in core; restore spillway group with supporting-foundation contact/tie
SPILLWAY_STILLING_BASIN_I,58,3,NUMERICAL_SINGULARITY,v12_3d_fullrun.msg,1090,***WARNING: SOLVER PROBLEM. NUMERICAL SINGULARITY WHEN PROCESSING NODE | SPILLWAY_STILLING_BASIN_I.58 D.O.F. 3 RATIO = 32.7523E+12 .,spillway structure (B),suppress in core; restore spillway group with supporting-foundation contact/tie
SPILLWAY_STILLING_BASIN_I,59,1,NUMERICAL_SINGULARITY,v12_3d_fullrun.msg,1094,***WARNING: SOLVER PROBLEM. NUMERICAL SINGULARITY WHEN PROCESSING NODE | SPILLWAY_STILLING_BASIN_I.59 D.O.F. 1 RATIO = 801.806E+12 .,spillway structure (B),suppress in core; restore spillway group with supporting-foundation contact/tie
SPILLWAY_STILLING_BASIN_I,59,2,NUMERICAL_SINGULARITY,v12_3d_fullrun.msg,1098,***WARNING: SOLVER PROBLEM. NUMERICAL SINGULARITY WHEN PROCESSING NODE | SPILLWAY_STILLING_BASIN_I.59 D.O.F. 2 RATIO = 466.353E+12 .,spillway structure (B),suppress in core; restore spillway group with supporting-foundation contact/tie
SPILLWAY_STILLING_BASIN_I,59,3,NUMERICAL_SINGULARITY,v12_3d_fullrun.msg,1102,***WARNING: SOLVER PROBLEM. NUMERICAL SINGULARITY WHEN PROCESSING NODE | SPILLWAY_STILLING_BASIN_I.59 D.O.F. 3 RATIO = 527.836E+12 .,spillway structure (B),suppress in core; restore spillway group with supporting-foundation contact/tie
TAILWATER_CHANNEL_I,61,3,NUMERICAL_SINGULARITY,v12_3d_fullrun.msg,1154,***WARNING: SOLVER PROBLEM. NUMERICAL SINGULARITY WHEN PROCESSING NODE | TAILWATER_CHANNEL_I.61 D.O.F. 3 RATIO = 372.752E+12 .,other appurtenant structure (C),suppress in core; inspect geometry and restore only with source-supported load path
TAILWATER_CHANNEL_I,68,2,NUMERICAL_SINGULARITY,v12_3d_fullrun.msg,1158,***WARNING: SOLVER PROBLEM. NUMERICAL SINGULARITY WHEN PROCESSING NODE | TAILWATER_CHANNEL_I.68 D.O.F. 2 RATIO = 126.748E+12 .,other appurtenant structure (C),suppress in core; inspect geometry and restore only with source-supported load path
TAILWATER_CHANNEL_I,68,3,NUMERICAL_SINGULARITY,v12_3d_fullrun.msg,1162,***WARNING: SOLVER PROBLEM. NUMERICAL SINGULARITY WHEN PROCESSING NODE | TAILWATER_CHANNEL_I.68 D.O.F. 3 RATIO = 162.428E+12 .,other appurtenant structure (C),suppress in core; inspect geometry and restore only with source-supported load path
TAILWATER_CHANNEL_I,69,1,NUMERICAL_SINGULARITY,v12_3d_fullrun.msg,1166,***WARNING: SOLVER PROBLEM. NUMERICAL SINGULARITY WHEN PROCESSING NODE | TAILWATER_CHANNEL_I.69 D.O.F. 1 RATIO = 345.595E+12 .,other appurtenant structure (C),suppress in core; inspect geometry and restore only with source-supported load path
TAILWATER_CHANNEL_I,69,2,NUMERICAL_SINGULARITY,v12_3d_fullrun.msg,1170,***WARNING: SOLVER PROBLEM. NUMERICAL SINGULARITY WHEN PROCESSING NODE | TAILWATER_CHANNEL_I.69 D.O.F. 2 RATIO = 1.29923E+15.,other appurtenant structure (C),suppress in core; inspect geometry and restore only with source-supported load path
TAILWATER_CHANNEL_I,69,3,NUMERICAL_SINGULARITY,v12_3d_fullrun.msg,1174,***WARNING: SOLVER PROBLEM. NUMERICAL SINGULARITY WHEN PROCESSING NODE | TAILWATER_CHANNEL_I.69 D.O.F. 3 RATIO = 380.017E+12 .,other appurtenant structure (C),suppress in core; inspect geometry and restore only with source-supported load path
