instance,part,translation,axis_point_1,axis_point_2,angle_deg,placement_rows,transform_source,global_bbox,node_count,element_count,element_types,status
P25_SOLID_DRAINAGE_BODY_F00-1,P25_SOLID_DRAINAGE_BODY_F00,"0.000000000,445.000000000,0.000000000","0.000000000,445.000000000,0.000000000","1.000000013,445.000000000,0.000000000",89.999999273,2,INP *Instance translation + rotation rows,"25.475100000,150.000038762,3055.000000000;42.000000000,445.000038851,3062.040003743",975,518,C3D8P,PASS
P25_SOLID_FILTER_LAYER_F01-1,P25_SOLID_FILTER_LAYER_F01,"0.000000000,445.000000000,0.000000000","0.000000000,445.000000000,0.000000000","1.000000013,445.000000000,0.000000000",89.999999273,2,INP *Instance translation + rotation rows,"-20.815100000,150.000038762,3055.000000000;26.061800000,445.000039026,3075.800003743",2625,1480,C3D6P;C3D8P,PASS
P25_SOLID_DAM_SHELL_GRAVEL_F02-1,P25_SOLID_DAM_SHELL_GRAVEL_F02,"0.000000000,445.000000000,0.000000000","0.000000000,445.000000000,0.000000000","1.000000013,445.000000000,0.000000000",89.999999273,2,INP *Instance translation + rotation rows,"-28.500000000,150.000038797,3057.780000000;29.937300000,445.000039049,3077.650003743",5850,4292,C3D6P;C3D8P,PASS
P25_SOLID_DRAINAGE_BODY_F03-1,P25_SOLID_DRAINAGE_BODY_F03,"0.000000000,445.000000000,0.000000000","0.000000000,445.000000000,0.000000000","1.000000013,445.000000000,0.000000000",89.999999273,2,INP *Instance translation + rotation rows,"-19.817200000,150.000038774,3055.930000000;27.235800000,445.000039026,3075.800003743",2550,1184,C3D8P,PASS
P25_SOLID_DAM_SHELL_GRAVEL_F06-1,P25_SOLID_DAM_SHELL_GRAVEL_F06,"0.000000000,445.000000000,0.000000000","0.000000000,445.000000000,0.000000000","1.000000013,445.000000000,0.000000000",89.999999273,2,INP *Instance translation + rotation rows,"-34.500000000,150.000038773,3055.870000000;-10.493100000,445.000038973,3071.660003743",2400,1702,C3D6P;C3D8P,PASS
P25_SOLID_DAM_SHELL_GRAVEL_F08-1,P25_SOLID_DAM_SHELL_GRAVEL_F08,"0.000000000,445.000000000,0.000000000","0.000000000,445.000000000,0.000000000","1.000000013,445.000000000,0.000000000",89.999999273,2,INP *Instance translation + rotation rows,"-34.500000000,150.000038762,3055.000000000;44.486400000,445.000039073,3079.500003743",3375,1628,C3D6P;C3D8P,PASS
P25_SOLID_MAIN_ROCKFILL_F09-1,P25_SOLID_MAIN_ROCKFILL_F09,"0.000000000,445.000000000,0.000000000","0.000000000,445.000000000,0.000000000","1.000000013,445.000000000,0.000000000",89.999999273,2,INP *Instance translation + rotation rows,"-72.341900000,150.000038797,3057.780000000;-36.500000000,445.000038973,3071.660003743",2775,1998,C3D6P;C3D8P,PASS
P25_SOLID_UPSTREAM_GRAVEL_FILL_F10-1,P25_SOLID_UPSTREAM_GRAVEL_FILL_F10,"0.000000000,445.000000000,0.000000000","0.000000000,445.000000000,0.000000000","1.000000013,445.000000000,0.000000000",89.999999273,2,INP *Instance translation + rotation rows,"-80.500000000,150.000038801,3058.070000000;-50.627500000,445.000038868,3063.390003743",1575,1036,C3D6P;C3D8P,PASS
P25_SOLID_MAIN_ROCKFILL_F11-1,P25_SOLID_MAIN_ROCKFILL_F11,"0.000000000,445.000000000,0.000000000","0.000000000,445.000000000,0.000000000","1.000000013,445.000000000,0.000000000",89.999999273,2,INP *Instance translation + rotation rows,"-87.500000000,150.000038809,3058.700000000;-66.000000000,445.000038915,3067.030003743",900,444,C3D6P;C3D8P,PASS
P25_SOLID_IMPERMEABLE_FILL_F12-1,P25_SOLID_IMPERMEABLE_FILL_F12,"0.000000000,445.000000000,0.000000000","0.000000000,445.000000000,0.000000000","1.000000013,445.000000000,0.000000000",89.999999273,2,INP *Instance translation + rotation rows,"-90.500000000,150.000038815,3059.170000000;-36.500000000,445.000038997,3073.510003743",2325,1110,C3D6P;C3D8P,PASS
P25_SOLID_CUTOFF_WALL_F13-1,V15_5_REFINED_P25_SOLID_CUTOFF_WALL_F13_1,"0.000000000,445.000000000,0.000000000","0.000000000,445.000000000,0.000000000","1.000000013,445.000000000,0.000000000",89.999999273,2,INP *Instance translation + rotation rows,"-36.000000000,150.000038331,3021.000000000;-35.000000000,445.000038997,3073.510003743",48411,31376,C3D8P,PASS
V12_UPSTREAM_GEOMEMBRANE-1,V15_5_REFINED_V12_UPSTREAM_GEOMEMBRANE_1,"0.000000000,0.000000000,0.000000000",,,0.000000000,0,INP *Instance placement: identity (no data rows),"-90.500000000,150.000000000,3055.000000000;-35.500000000,445.000000000,3073.510000000",5050,2400,C3D8P,PASS
V15_4_POWERHOUSE_UNIT_01_I,V15_4_POWERHOUSE_UNIT_01,"0.000000000,0.000000000,0.000000000",,,0.000000000,0,INP *Instance placement: identity (no data rows),"-30.000000000,-122.000000000,3029.700000000;26.500000000,-95.350000000,3081.000000000",13656,9434,C3D8R,PASS
V15_4_POWERHOUSE_UNIT_02_I,V15_4_POWERHOUSE_UNIT_02,"0.000000000,0.000000000,0.000000000",,,0.000000000,0,INP *Instance placement: identity (no data rows),"-30.000000000,-95.350000000,3029.700000000;26.500000000,-68.700000000,3081.000000000",13656,9434,C3D8R,PASS
V15_4_POWERHOUSE_UNIT_03_I,V15_4_POWERHOUSE_UNIT_03,"0.000000000,0.000000000,0.000000000",,,0.000000000,0,INP *Instance placement: identity (no data rows),"-30.000000000,-68.700000000,3029.700000000;26.500000000,-42.050000000,3081.000000000",13656,9434,C3D8R,PASS
V15_4_POWERHOUSE_UNIT_04_I,V15_4_POWERHOUSE_UNIT_04,"0.000000000,0.000000000,0.000000000",,,0.000000000,0,INP *Instance placement: identity (no data rows),"-30.000000000,-42.050000000,3029.700000000;26.500000000,-15.400000000,3081.000000000",13656,9434,C3D8R,PASS
V15_4_POWERHOUSE_INSTALLATION_BAY_I,V15_4_POWERHOUSE_INSTALLATION_BAY,"0.000000000,0.000000000,0.000000000",,,0.000000000,0,INP *Instance placement: identity (no data rows),"-64.000000000,-156.000000000,3056.465000000;-7.500000000,-122.000000000,3079.000000000",4500,3462,C3D8R,PASS
V15_4_TAILWATER_CHANNEL_I,V15_4_TAILWATER_CHANNEL,"0.000000000,0.000000000,0.000000000",,,0.000000000,0,INP *Instance placement: identity (no data rows),"26.500000000,-87.000000000,3036.100000000;180.500000000,-15.400000000,3053.000000000",3780,1798,C3D8R,PASS
V15_4_TAILWATER_RIVERBED_I,V15_4_TAILWATER_RIVERBED,"0.000000000,0.000000000,0.000000000",,,0.000000000,0,INP *Instance placement: identity (no data rows),"26.500000000,-87.000000000,3032.100000000;180.500000000,-15.400000000,3052.200000000",1520,702,C3D8R,PASS
V15_4_TAILWATER_LEFT_RETAINING_WALL_I,V15_4_TAILWATER_LEFT_RETAINING_WALL,"0.000000000,0.000000000,0.000000000",,,0.000000000,0,INP *Instance placement: identity (no data rows),"26.500000000,-92.500000000,3036.100000000;180.500000000,-88.500000000,3058.000000000",2808,1694,C3D8R,PASS
V15_4_TAILWATER_DOWNSTREAM_RIVERBED_I,V15_4_TAILWATER_DOWNSTREAM_RIVERBED,"0.000000000,0.000000000,0.000000000",,,0.000000000,0,INP *Instance placement: identity (no data rows),"180.500000000,-87.000000000,3045.000000000;300.500000000,-15.400000000,3056.200000000",800,360,C3D8R,PASS
V15_4_SPILLWAY_INTERMEDIATE_PIER_01_I,V15_4_SPILLWAY_INTERMEDIATE_PIER_01,"0.000000000,0.000000000,0.000000000",,,0.000000000,0,INP *Instance placement: identity (no data rows),"-20.000000000,13.850000000,3047.500000000;10.000000000,16.850000000,3079.000000000",1360,960,C3D8R,PASS
V15_4_SPILLWAY_INTERMEDIATE_PIER_02_I,V15_4_SPILLWAY_INTERMEDIATE_PIER_02,"0.000000000,0.000000000,0.000000000",,,0.000000000,0,INP *Instance placement: identity (no data rows),"-20.000000000,23.850000000,3047.500000000;10.000000000,26.850000000,3079.000000000",1088,720,C3D8R,PASS
V15_4_SPILLWAY_INTERMEDIATE_PIER_03_I,V15_4_SPILLWAY_INTERMEDIATE_PIER_03,"0.000000000,0.000000000,0.000000000",,,0.000000000,0,INP *Instance placement: identity (no data rows),"-20.000000000,33.850000000,3047.500000000;10.000000000,36.850000000,3079.000000000",1088,720,C3D8R,PASS
V15_4_SPILLWAY_INTERMEDIATE_PIER_04_I,V15_4_SPILLWAY_INTERMEDIATE_PIER_04,"0.000000000,0.000000000,0.000000000",,,0.000000000,0,INP *Instance placement: identity (no data rows),"-20.000000000,43.850000000,3047.500000000;10.000000000,46.850000000,3079.000000000",1088,720,C3D8R,PASS
V15_4_SPILLWAY_INTERMEDIATE_PIER_05_I,V15_4_SPILLWAY_INTERMEDIATE_PIER_05,"0.000000000,0.000000000,0.000000000",,,0.000000000,0,INP *Instance placement: identity (no data rows),"-20.000000000,53.850000000,3047.500000000;10.000000000,56.850000000,3079.000000000",1088,720,C3D8R,PASS
V15_4_SPILLWAY_INTERMEDIATE_PIER_06_I,V15_4_SPILLWAY_INTERMEDIATE_PIER_06,"0.000000000,0.000000000,0.000000000",,,0.000000000,0,INP *Instance placement: identity (no data rows),"-20.000000000,63.850000000,3047.500000000;10.000000000,66.850000000,3079.000000000",1088,720,C3D8R,PASS
V15_4_SPILLWAY_INTERMEDIATE_PIER_07_I,V15_4_SPILLWAY_INTERMEDIATE_PIER_07,"0.000000000,0.000000000,0.000000000",,,0.000000000,0,INP *Instance placement: identity (no data rows),"-20.000000000,73.850000000,3047.500000000;10.000000000,76.850000000,3079.000000000",1088,720,C3D8R,PASS
V15_4_SPILLWAY_LEFT_ABUTMENT_I,V15_4_SPILLWAY_LEFT_ABUTMENT,"0.000000000,0.000000000,0.000000000",,,0.000000000,0,INP *Instance placement: identity (no data rows),"-35.000000000,-2.900000000,3047.500000000;-20.000000000,6.850000000,3079.000000000",1683,1280,C3D8R,PASS
V15_4_SPILLWAY_RIGHT_ABUTMENT_I,V15_4_SPILLWAY_RIGHT_ABUTMENT,"0.000000000,0.000000000,0.000000000",,,0.000000000,0,INP *Instance placement: identity (no data rows),"10.000000000,83.850000000,3047.500000000;38.000000000,93.600000000,3079.000000000",2805,2240,C3D8R,PASS
V15_4_SPILLWAY_LINTEL_01_I,V15_4_SPILLWAY_LINTEL_01,"0.000000000,0.000000000,0.000000000",,,0.000000000,0,INP *Instance placement: identity (no data rows),"-20.000000000,6.850000000,3055.230000000;10.000000000,13.850000000,3079.000000000",1664,1260,C3D8R,PASS
V15_4_SPILLWAY_LINTEL_02_I,V15_4_SPILLWAY_LINTEL_02,"0.000000000,0.000000000,0.000000000",,,0.000000000,0,INP *Instance placement: identity (no data rows),"-20.000000000,16.850000000,3055.230000000;10.000000000,23.850000000,3079.000000000",1664,1260,C3D8R,PASS
V15_4_SPILLWAY_LINTEL_03_I,V15_4_SPILLWAY_LINTEL_03,"0.000000000,0.000000000,0.000000000",,,0.000000000,0,INP *Instance placement: identity (no data rows),"-20.000000000,26.850000000,3055.230000000;10.000000000,33.850000000,3079.000000000",1664,1260,C3D8R,PASS
V15_4_SPILLWAY_LINTEL_04_I,V15_4_SPILLWAY_LINTEL_04,"0.000000000,0.000000000,0.000000000",,,0.000000000,0,INP *Instance placement: identity (no data rows),"-20.000000000,36.850000000,3055.230000000;10.000000000,43.850000000,3079.000000000",1664,1260,C3D8R,PASS
V15_4_SPILLWAY_LINTEL_05_I,V15_4_SPILLWAY_LINTEL_05,"0.000000000,0.000000000,0.000000000",,,0.000000000,0,INP *Instance placement: identity (no data rows),"-20.000000000,46.850000000,3055.230000000;10.000000000,53.850000000,3079.000000000",1664,1260,C3D8R,PASS
V15_4_SPILLWAY_LINTEL_06_I,V15_4_SPILLWAY_LINTEL_06,"0.000000000,0.000000000,0.000000000",,,0.000000000,0,INP *Instance placement: identity (no data rows),"-20.000000000,56.850000000,3055.230000000;10.000000000,63.850000000,3079.000000000",1664,1260,C3D8R,PASS
V15_4_SPILLWAY_LINTEL_07_I,V15_4_SPILLWAY_LINTEL_07,"0.000000000,0.000000000,0.000000000",,,0.000000000,0,INP *Instance placement: identity (no data rows),"-20.000000000,66.850000000,3055.230000000;10.000000000,73.850000000,3079.000000000",1664,1260,C3D8R,PASS
V15_4_SPILLWAY_LINTEL_08_I,V15_4_SPILLWAY_LINTEL_08,"0.000000000,0.000000000,0.000000000",,,0.000000000,0,INP *Instance placement: identity (no data rows),"-20.000000000,76.850000000,3055.230000000;10.000000000,83.850000000,3079.000000000",1664,1260,C3D8R,PASS
V15_4_SPILLWAY_CHUTE_SLAB_I,V15_4_SPILLWAY_CHUTE_SLAB,"0.000000000,0.000000000,0.000000000",,,0.000000000,0,INP *Instance placement: identity (no data rows),"10.000000000,-2.900000000,3045.000000000;38.000000000,93.600000000,3047.500000000",3600,2730,C3D8R,PASS
V15_4_SPILLWAY_STILLING_BASIN_I,V15_4_SPILLWAY_STILLING_BASIN,"0.000000000,0.000000000,0.000000000",,,0.000000000,0,INP *Instance placement: identity (no data rows),"38.000000000,-2.900000000,3045.000000000;145.000000000,93.600000000,3047.500000000",10560,8385,C3D8R,PASS
V15_4_SPILLWAY_DOWNSTREAM_PROTECTION_I,V15_4_SPILLWAY_DOWNSTREAM_PROTECTION,"0.000000000,0.000000000,0.000000000",,,0.000000000,0,INP *Instance placement: identity (no data rows),"145.000000000,-2.900000000,3037.000000000;245.000000000,93.600000000,3043.000000000",11480,9360,C3D8R,PASS
V15_4_ECO_RELEASE_BASE_I,V15_4_ECO_RELEASE_BASE,"0.000000000,0.000000000,0.000000000",,,0.000000000,0,INP *Instance placement: identity (no data rows),"-35.000000000,-15.400000000,3051.500000000;-5.000000000,-2.900000000,3058.000000000",2352,1820,C3D8R,PASS
V15_4_ECO_RELEASE_LEFT_I,V15_4_ECO_RELEASE_LEFT_PIER,"0.000000000,0.000000000,0.000000000",,,0.000000000,0,INP *Instance placement: identity (no data rows),"-35.000000000,-15.400000000,3058.000000000;-5.000000000,-12.400000000,3079.000000000",3234,2520,C3D8R,PASS
V15_4_ECO_RELEASE_CENTRAL_I,V15_4_ECO_RELEASE_CENTRAL_PIER,"0.000000000,0.000000000,0.000000000",,,0.000000000,0,INP *Instance placement: identity (no data rows),"-35.000000000,-9.900000000,3058.000000000;-5.000000000,-7.400000000,3079.000000000",2772,2100,C3D8R,PASS
V15_4_ECO_RELEASE_RIGHT_I,V15_4_ECO_RELEASE_RIGHT_PIER,"0.000000000,0.000000000,0.000000000",,,0.000000000,0,INP *Instance placement: identity (no data rows),"-35.000000000,-4.900000000,3058.000000000;-5.000000000,-2.900000000,3079.000000000",2772,2100,C3D8R,PASS
V15_4_ECO_RELEASE_LINTEL_01_I,V15_4_ECO_RELEASE_LINTEL_01,"0.000000000,0.000000000,0.000000000",,,0.000000000,0,INP *Instance placement: identity (no data rows),"-35.000000000,-12.400000000,3063.000000000;-5.000000000,-9.900000000,3079.000000000",2142,1600,C3D8R,PASS
V15_4_ECO_RELEASE_LINTEL_02_I,V15_4_ECO_RELEASE_LINTEL_02,"0.000000000,0.000000000,0.000000000",,,0.000000000,0,INP *Instance placement: identity (no data rows),"-35.000000000,-7.400000000,3063.000000000;-5.000000000,-4.900000000,3079.000000000",2142,1600,C3D8R,PASS
V15_4_ECO_RELEASE_TOP_CAP_I,V15_4_ECO_RELEASE_TOP_CAP,"0.000000000,0.000000000,0.000000000",,,0.000000000,0,INP *Instance placement: identity (no data rows),"-35.000000000,-15.400000000,3077.000000000;-19.000000000,-2.900000000,3079.000000000",840,572,C3D8R,PASS
V15_4_ECO_RELEASE_APPROACH_SLAB_I,V15_4_ECO_RELEASE_APPROACH_SLAB,"0.000000000,0.000000000,0.000000000",,,0.000000000,0,INP *Instance placement: identity (no data rows),"-5.000000000,-15.400000000,3050.000000000;25.000000000,-2.900000000,3058.000000000",2646,2080,C3D8R,PASS
V15_4_ECO_RELEASE_OUTLET_SLAB_I,V15_4_ECO_RELEASE_OUTLET_SLAB,"0.000000000,0.000000000,0.000000000",,,0.000000000,0,INP *Instance placement: identity (no data rows),"25.000000000,-15.400000000,3050.000000000;38.000000000,-2.900000000,3051.000000000",588,338,C3D8R,PASS
V15_4_ECO_RELEASE_LINK_TO_BASIN_I,V15_4_ECO_RELEASE_LINK_TO_BASIN,"0.000000000,0.000000000,0.000000000",,,0.000000000,0,INP *Instance placement: identity (no data rows),"25.000000000,-2.900000000,3049.000000000;38.000000000,6.850000000,3050.000000000",462,260,C3D8R,PASS
V15_4_LEFT_BANK_SUBDAM_I,V15_4_LEFT_BANK_SUBDAM,"0.000000000,0.000000000,0.000000000",,,0.000000000,0,INP *Instance placement: identity (no data rows),"-70.850000000,-245.700000000,3059.000000000;-56.000000000,-156.000000000,3079.000000000",3160,2280,C3D8R,PASS
V15_4_FISHWAY_I,V15_4_FISHWAY,"0.000000000,0.000000000,0.000000000",,,0.000000000,0,INP *Instance placement: identity (no data rows),"-68.850000000,-641.243955700,3053.000000000;441.250000000,-58.873689690,3076.000000000",13916,4164,C3D8R,PASS
V15_4_FISHWAY_OUTLET_CHAMBER_I,V15_4_FISHWAY_OUTLET_CHAMBER,"0.000000000,0.000000000,0.000000000",,,0.000000000,0,INP *Instance placement: identity (no data rows),"-52.850000000,-503.678955900,3072.000000000;-48.850000000,-483.678955900,3078.000000000",777,400,C3D8R,PASS
V15_4_FISHWAY_UPSTREAM_OUTLET_I,V15_4_FISHWAY_UPSTREAM_OUTLET,"0.000000000,0.000000000,0.000000000",,,0.000000000,0,INP *Instance placement: identity (no data rows),"-52.850000000,-678.813955700,3074.000000000;-48.850000000,-641.243955700,3079.000000000",1170,760,C3D8R,PASS
V15_4_POWERHOUSE_SEDIMENT_FLUSHING_OUTLET_01_I,V15_4_POWERHOUSE_SEDIMENT_FLUSHING_OUTLET_01,"0.000000000,0.000000000,0.000000000",,,0.000000000,0,INP *Instance placement: identity (no data rows),"-30.000000000,-96.600000000,3037.000000000;24.000000000,-94.100000000,3046.000000000",2574,1760,C3D8R,PASS
V15_4_POWERHOUSE_SEDIMENT_FLUSHING_OUTLET_02_I,V15_4_POWERHOUSE_SEDIMENT_FLUSHING_OUTLET_02,"0.000000000,0.000000000,0.000000000",,,0.000000000,0,INP *Instance placement: identity (no data rows),"-30.000000000,-43.300000000,3037.000000000;24.000000000,-40.800000000,3046.000000000",2574,1760,C3D8R,PASS
V15_7_FOUNDATION_GEOLOGY_I,V15_7_FOUNDATION_GEOLOGY,"0.000000000,0.000000000,0.000000000",,,0.000000000,0,INP *Instance placement: identity (no data rows),"-600.000000000,-1000.000000000,2600.000000000;900.000000000,850.000000000,3426.400000000",641193,591301,C3D8P;C3D8R,PASS
V15_11_LEFT_COMPACTED_SAND_GRAVEL_I,V15_11_LEFT_COMPACTED_SAND_GRAVEL,"0.000000000,0.000000000,0.000000000",,,0.000000000,0,INP *Instance placement: identity (no data rows),"-70.850000000,-245.700000000,3025.030000000;-55.850000000,-120.000000000,3059.000000000",2094,838,C3D8P,PASS
V15_12_LEFT_BANK_CUTOFF_WALL_I,V15_12_LEFT_BANK_CUTOFF_WALL,"0.000000000,0.000000000,0.000000000",,,0.000000000,0,INP *Instance placement: identity (no data rows),"-36.000000000,70.000000000,3021.000000000;-35.000000000,150.000000000,3073.510000000",374,160,C3D8P,PASS
