instance,part,role,global_bbox,centroid,nearest_named_neighbors,transformed_source,status
P25_SOLID_DRAINAGE_BODY_F00-1,P25_SOLID_DRAINAGE_BODY_F00,structural_or_context,"25.475100000,150.000038762,3055.000000000;42.000000000,445.000038851,3062.040003743","33.737550000,297.500038807,3058.520001871",P25_SOLID_DAM_SHELL_GRAVEL_F02-1 (0.000000 m);P25_SOLID_DAM_SHELL_GRAVEL_F08-1 (0.000000 m);P25_SOLID_DRAINAGE_BODY_F03-1 (0.000000 m),INP *Instance translation + rotation rows,PASS
P25_SOLID_FILTER_LAYER_F01-1,P25_SOLID_FILTER_LAYER_F01,structural_or_context,"-20.815100000,150.000038762,3055.000000000;26.061800000,445.000039026,3075.800003743","2.623350000,297.500038894,3065.400001871",P25_SOLID_DAM_SHELL_GRAVEL_F02-1 (0.000000 m);P25_SOLID_DAM_SHELL_GRAVEL_F06-1 (0.000000 m);P25_SOLID_DAM_SHELL_GRAVEL_F08-1 (0.000000 m),INP *Instance translation + rotation rows,PASS
P25_SOLID_DAM_SHELL_GRAVEL_F02-1,P25_SOLID_DAM_SHELL_GRAVEL_F02,dam_fill,"-28.500000000,150.000038797,3057.780000000;29.937300000,445.000039049,3077.650003743","0.718650000,297.500038923,3067.715001871",P25_SOLID_DAM_SHELL_GRAVEL_F06-1 (0.000000 m);P25_SOLID_DAM_SHELL_GRAVEL_F08-1 (0.000000 m);P25_SOLID_DRAINAGE_BODY_F00-1 (0.000000 m),INP *Instance translation + rotation rows,PASS
P25_SOLID_DRAINAGE_BODY_F03-1,P25_SOLID_DRAINAGE_BODY_F03,structural_or_context,"-19.817200000,150.000038774,3055.930000000;27.235800000,445.000039026,3075.800003743","3.709300000,297.500038900,3065.865001871",P25_SOLID_DAM_SHELL_GRAVEL_F02-1 (0.000000 m);P25_SOLID_DAM_SHELL_GRAVEL_F06-1 (0.000000 m);P25_SOLID_DAM_SHELL_GRAVEL_F08-1 (0.000000 m),INP *Instance translation + rotation rows,PASS
P25_SOLID_DAM_SHELL_GRAVEL_F06-1,P25_SOLID_DAM_SHELL_GRAVEL_F06,dam_fill,"-34.500000000,150.000038773,3055.870000000;-10.493100000,445.000038973,3071.660003743","-22.496550000,297.500038873,3063.765001871",P25_SOLID_DAM_SHELL_GRAVEL_F02-1 (0.000000 m);P25_SOLID_DAM_SHELL_GRAVEL_F08-1 (0.000000 m);P25_SOLID_DRAINAGE_BODY_F03-1 (0.000000 m),INP *Instance translation + rotation rows,PASS
P25_SOLID_DAM_SHELL_GRAVEL_F08-1,P25_SOLID_DAM_SHELL_GRAVEL_F08,dam_fill,"-34.500000000,150.000038762,3055.000000000;44.486400000,445.000039073,3079.500003743","4.993200000,297.500038917,3067.250001871",P25_SOLID_DAM_SHELL_GRAVEL_F02-1 (0.000000 m);P25_SOLID_DAM_SHELL_GRAVEL_F06-1 (0.000000 m);P25_SOLID_DRAINAGE_BODY_F00-1 (0.000000 m),INP *Instance translation + rotation rows,PASS
P25_SOLID_MAIN_ROCKFILL_F09-1,P25_SOLID_MAIN_ROCKFILL_F09,dam_fill,"-72.341900000,150.000038797,3057.780000000;-36.500000000,445.000038973,3071.660003743","-54.420950000,297.500038885,3064.720001871",P25_SOLID_IMPERMEABLE_FILL_F12-1 (0.000000 m);P25_SOLID_MAIN_ROCKFILL_F11-1 (0.000000 m);P25_SOLID_UPSTREAM_GRAVEL_FILL_F10-1 (0.000000 m),INP *Instance translation + rotation rows,PASS
P25_SOLID_UPSTREAM_GRAVEL_FILL_F10-1,P25_SOLID_UPSTREAM_GRAVEL_FILL_F10,dam_fill,"-80.500000000,150.000038801,3058.070000000;-50.627500000,445.000038868,3063.390003743","-65.563750000,297.500038835,3060.730001871",P25_SOLID_IMPERMEABLE_FILL_F12-1 (0.000000 m);P25_SOLID_MAIN_ROCKFILL_F09-1 (0.000000 m);P25_SOLID_MAIN_ROCKFILL_F11-1 (0.000000 m),INP *Instance translation + rotation rows,PASS
P25_SOLID_MAIN_ROCKFILL_F11-1,P25_SOLID_MAIN_ROCKFILL_F11,dam_fill,"-87.500000000,150.000038809,3058.700000000;-66.000000000,445.000038915,3067.030003743","-76.750000000,297.500038862,3062.865001871",P25_SOLID_IMPERMEABLE_FILL_F12-1 (0.000000 m);P25_SOLID_MAIN_ROCKFILL_F09-1 (0.000000 m);P25_SOLID_UPSTREAM_GRAVEL_FILL_F10-1 (0.000000 m),INP *Instance translation + rotation rows,PASS
P25_SOLID_IMPERMEABLE_FILL_F12-1,P25_SOLID_IMPERMEABLE_FILL_F12,structural_or_context,"-90.500000000,150.000038815,3059.170000000;-36.500000000,445.000038997,3073.510003743","-63.500000000,297.500038906,3066.340001871",P25_SOLID_MAIN_ROCKFILL_F09-1 (0.000000 m);P25_SOLID_MAIN_ROCKFILL_F11-1 (0.000000 m);P25_SOLID_UPSTREAM_GRAVEL_FILL_F10-1 (0.000000 m),INP *Instance translation + rotation rows,PASS
P25_SOLID_CUTOFF_WALL_F13-1,V15_5_REFINED_P25_SOLID_CUTOFF_WALL_F13_1,cutoff_wall,"-36.000000000,150.000038331,3021.000000000;-35.000000000,445.000038997,3073.510003743","-35.500000000,297.500038664,3047.255001871",V12_UPSTREAM_GEOMEMBRANE-1 (0.000000 m);V15_7_FOUNDATION_GEOLOGY_I (0.000000 m);V15_12_LEFT_BANK_CUTOFF_WALL_I (0.000038 m),INP *Instance translation + rotation rows,PASS
V12_UPSTREAM_GEOMEMBRANE-1,V15_5_REFINED_V12_UPSTREAM_GEOMEMBRANE_1,geomembrane_barrier,"-90.500000000,150.000000000,3055.000000000;-35.500000000,445.000000000,3073.510000000","-63.000000000,297.500000000,3064.255000000",P25_SOLID_CUTOFF_WALL_F13-1 (0.000000 m);P25_SOLID_IMPERMEABLE_FILL_F12-1 (0.000000 m);P25_SOLID_MAIN_ROCKFILL_F09-1 (0.000000 m),INP *Instance placement: identity (no data rows),PASS
V15_4_POWERHOUSE_UNIT_01_I,V15_4_POWERHOUSE_UNIT_01,powerhouse_or_installation,"-30.000000000,-122.000000000,3029.700000000;26.500000000,-95.350000000,3081.000000000","-1.750000000,-108.675000000,3055.350000000",V15_4_FISHWAY_I (0.000000 m);V15_4_POWERHOUSE_INSTALLATION_BAY_I (0.000000 m);V15_4_POWERHOUSE_SEDIMENT_FLUSHING_OUTLET_01_I (0.000000 m),INP *Instance placement: identity (no data rows),PASS
V15_4_POWERHOUSE_UNIT_02_I,V15_4_POWERHOUSE_UNIT_02,powerhouse_or_installation,"-30.000000000,-95.350000000,3029.700000000;26.500000000,-68.700000000,3081.000000000","-1.750000000,-82.025000000,3055.350000000",V15_4_FISHWAY_I (0.000000 m);V15_4_POWERHOUSE_SEDIMENT_FLUSHING_OUTLET_01_I (0.000000 m);V15_4_POWERHOUSE_UNIT_01_I (0.000000 m),INP *Instance placement: identity (no data rows),PASS
V15_4_POWERHOUSE_UNIT_03_I,V15_4_POWERHOUSE_UNIT_03,powerhouse_or_installation,"-30.000000000,-68.700000000,3029.700000000;26.500000000,-42.050000000,3081.000000000","-1.750000000,-55.375000000,3055.350000000",V15_4_FISHWAY_I (0.000000 m);V15_4_POWERHOUSE_SEDIMENT_FLUSHING_OUTLET_02_I (0.000000 m);V15_4_POWERHOUSE_UNIT_02_I (0.000000 m),INP *Instance placement: identity (no data rows),PASS
V15_4_POWERHOUSE_UNIT_04_I,V15_4_POWERHOUSE_UNIT_04,powerhouse_or_installation,"-30.000000000,-42.050000000,3029.700000000;26.500000000,-15.400000000,3081.000000000","-1.750000000,-28.725000000,3055.350000000",V15_4_ECO_RELEASE_APPROACH_SLAB_I (0.000000 m);V15_4_ECO_RELEASE_BASE_I (0.000000 m);V15_4_ECO_RELEASE_LEFT_I (0.000000 m),INP *Instance placement: identity (no data rows),PASS
V15_4_POWERHOUSE_INSTALLATION_BAY_I,V15_4_POWERHOUSE_INSTALLATION_BAY,powerhouse_or_installation,"-64.000000000,-156.000000000,3056.465000000;-7.500000000,-122.000000000,3079.000000000","-35.750000000,-139.000000000,3067.732500000",V15_11_LEFT_COMPACTED_SAND_GRAVEL_I (0.000000 m);V15_4_FISHWAY_I (0.000000 m);V15_4_LEFT_BANK_SUBDAM_I (0.000000 m),INP *Instance placement: identity (no data rows),PASS
V15_4_TAILWATER_CHANNEL_I,V15_4_TAILWATER_CHANNEL,tailwater,"26.500000000,-87.000000000,3036.100000000;180.500000000,-15.400000000,3053.000000000","103.500000000,-51.200000000,3044.550000000",V15_4_ECO_RELEASE_OUTLET_SLAB_I (0.000000 m);V15_4_FISHWAY_I (0.000000 m);V15_4_POWERHOUSE_UNIT_02_I (0.000000 m),INP *Instance placement: identity (no data rows),PASS
V15_4_TAILWATER_RIVERBED_I,V15_4_TAILWATER_RIVERBED,tailwater,"26.500000000,-87.000000000,3032.100000000;180.500000000,-15.400000000,3052.200000000","103.500000000,-51.200000000,3042.150000000",V15_4_ECO_RELEASE_OUTLET_SLAB_I (0.000000 m);V15_4_POWERHOUSE_UNIT_02_I (0.000000 m);V15_4_POWERHOUSE_UNIT_03_I (0.000000 m),INP *Instance placement: identity (no data rows),PASS
V15_4_TAILWATER_LEFT_RETAINING_WALL_I,V15_4_TAILWATER_LEFT_RETAINING_WALL,tailwater,"26.500000000,-92.500000000,3036.100000000;180.500000000,-88.500000000,3058.000000000","103.500000000,-90.500000000,3047.050000000",V15_4_FISHWAY_I (0.000000 m);V15_4_POWERHOUSE_UNIT_02_I (0.000000 m);V15_7_FOUNDATION_GEOLOGY_I (0.000000 m),INP *Instance placement: identity (no data rows),PASS
V15_4_TAILWATER_DOWNSTREAM_RIVERBED_I,V15_4_TAILWATER_DOWNSTREAM_RIVERBED,tailwater,"180.500000000,-87.000000000,3045.000000000;300.500000000,-15.400000000,3056.200000000","240.500000000,-51.200000000,3050.600000000",V15_4_FISHWAY_I (0.000000 m);V15_4_TAILWATER_CHANNEL_I (0.000000 m);V15_4_TAILWATER_RIVERBED_I (0.000000 m),INP *Instance placement: identity (no data rows),PASS
V15_4_SPILLWAY_INTERMEDIATE_PIER_01_I,V15_4_SPILLWAY_INTERMEDIATE_PIER_01,spillway_or_stilling_basin,"-20.000000000,13.850000000,3047.500000000;10.000000000,16.850000000,3079.000000000","-5.000000000,15.350000000,3063.250000000",V15_4_SPILLWAY_CHUTE_SLAB_I (0.000000 m);V15_4_SPILLWAY_LINTEL_01_I (0.000000 m);V15_4_SPILLWAY_LINTEL_02_I (0.000000 m),INP *Instance placement: identity (no data rows),PASS
V15_4_SPILLWAY_INTERMEDIATE_PIER_02_I,V15_4_SPILLWAY_INTERMEDIATE_PIER_02,spillway_or_stilling_basin,"-20.000000000,23.850000000,3047.500000000;10.000000000,26.850000000,3079.000000000","-5.000000000,25.350000000,3063.250000000",V15_4_SPILLWAY_CHUTE_SLAB_I (0.000000 m);V15_4_SPILLWAY_LINTEL_02_I (0.000000 m);V15_4_SPILLWAY_LINTEL_03_I (0.000000 m),INP *Instance placement: identity (no data rows),PASS
V15_4_SPILLWAY_INTERMEDIATE_PIER_03_I,V15_4_SPILLWAY_INTERMEDIATE_PIER_03,spillway_or_stilling_basin,"-20.000000000,33.850000000,3047.500000000;10.000000000,36.850000000,3079.000000000","-5.000000000,35.350000000,3063.250000000",V15_4_SPILLWAY_CHUTE_SLAB_I (0.000000 m);V15_4_SPILLWAY_LINTEL_03_I (0.000000 m);V15_4_SPILLWAY_LINTEL_04_I (0.000000 m),INP *Instance placement: identity (no data rows),PASS
V15_4_SPILLWAY_INTERMEDIATE_PIER_04_I,V15_4_SPILLWAY_INTERMEDIATE_PIER_04,spillway_or_stilling_basin,"-20.000000000,43.850000000,3047.500000000;10.000000000,46.850000000,3079.000000000","-5.000000000,45.350000000,3063.250000000",V15_4_SPILLWAY_CHUTE_SLAB_I (0.000000 m);V15_4_SPILLWAY_LINTEL_04_I (0.000000 m);V15_4_SPILLWAY_LINTEL_05_I (0.000000 m),INP *Instance placement: identity (no data rows),PASS
V15_4_SPILLWAY_INTERMEDIATE_PIER_05_I,V15_4_SPILLWAY_INTERMEDIATE_PIER_05,spillway_or_stilling_basin,"-20.000000000,53.850000000,3047.500000000;10.000000000,56.850000000,3079.000000000","-5.000000000,55.350000000,3063.250000000",V15_4_SPILLWAY_CHUTE_SLAB_I (0.000000 m);V15_4_SPILLWAY_LINTEL_05_I (0.000000 m);V15_4_SPILLWAY_LINTEL_06_I (0.000000 m),INP *Instance placement: identity (no data rows),PASS
V15_4_SPILLWAY_INTERMEDIATE_PIER_06_I,V15_4_SPILLWAY_INTERMEDIATE_PIER_06,spillway_or_stilling_basin,"-20.000000000,63.850000000,3047.500000000;10.000000000,66.850000000,3079.000000000","-5.000000000,65.350000000,3063.250000000",V15_4_SPILLWAY_CHUTE_SLAB_I (0.000000 m);V15_4_SPILLWAY_LINTEL_06_I (0.000000 m);V15_4_SPILLWAY_LINTEL_07_I (0.000000 m),INP *Instance placement: identity (no data rows),PASS
V15_4_SPILLWAY_INTERMEDIATE_PIER_07_I,V15_4_SPILLWAY_INTERMEDIATE_PIER_07,spillway_or_stilling_basin,"-20.000000000,73.850000000,3047.500000000;10.000000000,76.850000000,3079.000000000","-5.000000000,75.350000000,3063.250000000",V15_4_SPILLWAY_CHUTE_SLAB_I (0.000000 m);V15_4_SPILLWAY_LINTEL_07_I (0.000000 m);V15_4_SPILLWAY_LINTEL_08_I (0.000000 m),INP *Instance placement: identity (no data rows),PASS
V15_4_SPILLWAY_LEFT_ABUTMENT_I,V15_4_SPILLWAY_LEFT_ABUTMENT,spillway_or_stilling_basin,"-35.000000000,-2.900000000,3047.500000000;-20.000000000,6.850000000,3079.000000000","-27.500000000,1.975000000,3063.250000000",V15_4_ECO_RELEASE_BASE_I (0.000000 m);V15_4_ECO_RELEASE_RIGHT_I (0.000000 m);V15_4_ECO_RELEASE_TOP_CAP_I (0.000000 m),INP *Instance placement: identity (no data rows),PASS
V15_4_SPILLWAY_RIGHT_ABUTMENT_I,V15_4_SPILLWAY_RIGHT_ABUTMENT,spillway_or_stilling_basin,"10.000000000,83.850000000,3047.500000000;38.000000000,93.600000000,3079.000000000","24.000000000,88.725000000,3063.250000000",V15_4_SPILLWAY_CHUTE_SLAB_I (0.000000 m);V15_4_SPILLWAY_LINTEL_08_I (0.000000 m);V15_4_SPILLWAY_STILLING_BASIN_I (0.000000 m),INP *Instance placement: identity (no data rows),PASS
V15_4_SPILLWAY_LINTEL_01_I,V15_4_SPILLWAY_LINTEL_01,spillway_or_stilling_basin,"-20.000000000,6.850000000,3055.230000000;10.000000000,13.850000000,3079.000000000","-5.000000000,10.350000000,3067.115000000",V15_4_SPILLWAY_INTERMEDIATE_PIER_01_I (0.000000 m);V15_4_SPILLWAY_LEFT_ABUTMENT_I (0.000000 m);V15_7_FOUNDATION_GEOLOGY_I (0.000000 m),INP *Instance placement: identity (no data rows),PASS
V15_4_SPILLWAY_LINTEL_02_I,V15_4_SPILLWAY_LINTEL_02,spillway_or_stilling_basin,"-20.000000000,16.850000000,3055.230000000;10.000000000,23.850000000,3079.000000000","-5.000000000,20.350000000,3067.115000000",V15_4_SPILLWAY_INTERMEDIATE_PIER_01_I (0.000000 m);V15_4_SPILLWAY_INTERMEDIATE_PIER_02_I (0.000000 m);V15_7_FOUNDATION_GEOLOGY_I (0.000000 m),INP *Instance placement: identity (no data rows),PASS
V15_4_SPILLWAY_LINTEL_03_I,V15_4_SPILLWAY_LINTEL_03,spillway_or_stilling_basin,"-20.000000000,26.850000000,3055.230000000;10.000000000,33.850000000,3079.000000000","-5.000000000,30.350000000,3067.115000000",V15_4_SPILLWAY_INTERMEDIATE_PIER_02_I (0.000000 m);V15_4_SPILLWAY_INTERMEDIATE_PIER_03_I (0.000000 m);V15_7_FOUNDATION_GEOLOGY_I (0.000000 m),INP *Instance placement: identity (no data rows),PASS
V15_4_SPILLWAY_LINTEL_04_I,V15_4_SPILLWAY_LINTEL_04,spillway_or_stilling_basin,"-20.000000000,36.850000000,3055.230000000;10.000000000,43.850000000,3079.000000000","-5.000000000,40.350000000,3067.115000000",V15_4_SPILLWAY_INTERMEDIATE_PIER_03_I (0.000000 m);V15_4_SPILLWAY_INTERMEDIATE_PIER_04_I (0.000000 m);V15_7_FOUNDATION_GEOLOGY_I (0.000000 m),INP *Instance placement: identity (no data rows),PASS
V15_4_SPILLWAY_LINTEL_05_I,V15_4_SPILLWAY_LINTEL_05,spillway_or_stilling_basin,"-20.000000000,46.850000000,3055.230000000;10.000000000,53.850000000,3079.000000000","-5.000000000,50.350000000,3067.115000000",V15_4_SPILLWAY_INTERMEDIATE_PIER_04_I (0.000000 m);V15_4_SPILLWAY_INTERMEDIATE_PIER_05_I (0.000000 m);V15_7_FOUNDATION_GEOLOGY_I (0.000000 m),INP *Instance placement: identity (no data rows),PASS
V15_4_SPILLWAY_LINTEL_06_I,V15_4_SPILLWAY_LINTEL_06,spillway_or_stilling_basin,"-20.000000000,56.850000000,3055.230000000;10.000000000,63.850000000,3079.000000000","-5.000000000,60.350000000,3067.115000000",V15_4_SPILLWAY_INTERMEDIATE_PIER_05_I (0.000000 m);V15_4_SPILLWAY_INTERMEDIATE_PIER_06_I (0.000000 m);V15_7_FOUNDATION_GEOLOGY_I (0.000000 m),INP *Instance placement: identity (no data rows),PASS
V15_4_SPILLWAY_LINTEL_07_I,V15_4_SPILLWAY_LINTEL_07,spillway_or_stilling_basin,"-20.000000000,66.850000000,3055.230000000;10.000000000,73.850000000,3079.000000000","-5.000000000,70.350000000,3067.115000000",V15_4_SPILLWAY_INTERMEDIATE_PIER_06_I (0.000000 m);V15_4_SPILLWAY_INTERMEDIATE_PIER_07_I (0.000000 m);V15_7_FOUNDATION_GEOLOGY_I (0.000000 m),INP *Instance placement: identity (no data rows),PASS
V15_4_SPILLWAY_LINTEL_08_I,V15_4_SPILLWAY_LINTEL_08,spillway_or_stilling_basin,"-20.000000000,76.850000000,3055.230000000;10.000000000,83.850000000,3079.000000000","-5.000000000,80.350000000,3067.115000000",V15_4_SPILLWAY_INTERMEDIATE_PIER_07_I (0.000000 m);V15_4_SPILLWAY_RIGHT_ABUTMENT_I (0.000000 m);V15_7_FOUNDATION_GEOLOGY_I (0.000000 m),INP *Instance placement: identity (no data rows),PASS
V15_4_SPILLWAY_CHUTE_SLAB_I,V15_4_SPILLWAY_CHUTE_SLAB,spillway_or_stilling_basin,"10.000000000,-2.900000000,3045.000000000;38.000000000,93.600000000,3047.500000000","24.000000000,45.350000000,3046.250000000",V15_4_SPILLWAY_INTERMEDIATE_PIER_01_I (0.000000 m);V15_4_SPILLWAY_INTERMEDIATE_PIER_02_I (0.000000 m);V15_4_SPILLWAY_INTERMEDIATE_PIER_03_I (0.000000 m),INP *Instance placement: identity (no data rows),PASS
V15_4_SPILLWAY_STILLING_BASIN_I,V15_4_SPILLWAY_STILLING_BASIN,spillway_or_stilling_basin,"38.000000000,-2.900000000,3045.000000000;145.000000000,93.600000000,3047.500000000","91.500000000,45.350000000,3046.250000000",V15_4_SPILLWAY_CHUTE_SLAB_I (0.000000 m);V15_4_SPILLWAY_RIGHT_ABUTMENT_I (0.000000 m);V15_7_FOUNDATION_GEOLOGY_I (0.000000 m),INP *Instance placement: identity (no data rows),PASS
V15_4_SPILLWAY_DOWNSTREAM_PROTECTION_I,V15_4_SPILLWAY_DOWNSTREAM_PROTECTION,spillway_or_stilling_basin,"145.000000000,-2.900000000,3037.000000000;245.000000000,93.600000000,3043.000000000","195.000000000,45.350000000,3040.000000000",V15_7_FOUNDATION_GEOLOGY_I (0.000000 m);V15_4_SPILLWAY_STILLING_BASIN_I (2.000000 m);V15_4_TAILWATER_CHANNEL_I (12.500000 m),INP *Instance placement: identity (no data rows),PASS
V15_4_ECO_RELEASE_BASE_I,V15_4_ECO_RELEASE_BASE,ecological_release,"-35.000000000,-15.400000000,3051.500000000;-5.000000000,-2.900000000,3058.000000000","-20.000000000,-9.150000000,3054.750000000",V15_4_ECO_RELEASE_APPROACH_SLAB_I (0.000000 m);V15_4_ECO_RELEASE_CENTRAL_I (0.000000 m);V15_4_ECO_RELEASE_LEFT_I (0.000000 m),INP *Instance placement: identity (no data rows),PASS
V15_4_ECO_RELEASE_LEFT_I,V15_4_ECO_RELEASE_LEFT_PIER,ecological_release,"-35.000000000,-15.400000000,3058.000000000;-5.000000000,-12.400000000,3079.000000000","-20.000000000,-13.900000000,3068.500000000",V15_4_ECO_RELEASE_APPROACH_SLAB_I (0.000000 m);V15_4_ECO_RELEASE_BASE_I (0.000000 m);V15_4_ECO_RELEASE_LINTEL_01_I (0.000000 m),INP *Instance placement: identity (no data rows),PASS
V15_4_ECO_RELEASE_CENTRAL_I,V15_4_ECO_RELEASE_CENTRAL_PIER,ecological_release,"-35.000000000,-9.900000000,3058.000000000;-5.000000000,-7.400000000,3079.000000000","-20.000000000,-8.650000000,3068.500000000",V15_4_ECO_RELEASE_APPROACH_SLAB_I (0.000000 m);V15_4_ECO_RELEASE_BASE_I (0.000000 m);V15_4_ECO_RELEASE_LINTEL_01_I (0.000000 m),INP *Instance placement: identity (no data rows),PASS
V15_4_ECO_RELEASE_RIGHT_I,V15_4_ECO_RELEASE_RIGHT_PIER,ecological_release,"-35.000000000,-4.900000000,3058.000000000;-5.000000000,-2.900000000,3079.000000000","-20.000000000,-3.900000000,3068.500000000",V15_4_ECO_RELEASE_APPROACH_SLAB_I (0.000000 m);V15_4_ECO_RELEASE_BASE_I (0.000000 m);V15_4_ECO_RELEASE_LINTEL_02_I (0.000000 m),INP *Instance placement: identity (no data rows),PASS
V15_4_ECO_RELEASE_LINTEL_01_I,V15_4_ECO_RELEASE_LINTEL_01,ecological_release,"-35.000000000,-12.400000000,3063.000000000;-5.000000000,-9.900000000,3079.000000000","-20.000000000,-11.150000000,3071.000000000",V15_4_ECO_RELEASE_CENTRAL_I (0.000000 m);V15_4_ECO_RELEASE_LEFT_I (0.000000 m);V15_4_ECO_RELEASE_TOP_CAP_I (0.000000 m),INP *Instance placement: identity (no data rows),PASS
V15_4_ECO_RELEASE_LINTEL_02_I,V15_4_ECO_RELEASE_LINTEL_02,ecological_release,"-35.000000000,-7.400000000,3063.000000000;-5.000000000,-4.900000000,3079.000000000","-20.000000000,-6.150000000,3071.000000000",V15_4_ECO_RELEASE_CENTRAL_I (0.000000 m);V15_4_ECO_RELEASE_RIGHT_I (0.000000 m);V15_4_ECO_RELEASE_TOP_CAP_I (0.000000 m),INP *Instance placement: identity (no data rows),PASS
V15_4_ECO_RELEASE_TOP_CAP_I,V15_4_ECO_RELEASE_TOP_CAP,ecological_release,"-35.000000000,-15.400000000,3077.000000000;-19.000000000,-2.900000000,3079.000000000","-27.000000000,-9.150000000,3078.000000000",V15_4_ECO_RELEASE_CENTRAL_I (0.000000 m);V15_4_ECO_RELEASE_LEFT_I (0.000000 m);V15_4_ECO_RELEASE_LINTEL_01_I (0.000000 m),INP *Instance placement: identity (no data rows),PASS
V15_4_ECO_RELEASE_APPROACH_SLAB_I,V15_4_ECO_RELEASE_APPROACH_SLAB,ecological_release,"-5.000000000,-15.400000000,3050.000000000;25.000000000,-2.900000000,3058.000000000","10.000000000,-9.150000000,3054.000000000",V15_4_ECO_RELEASE_BASE_I (0.000000 m);V15_4_ECO_RELEASE_CENTRAL_I (0.000000 m);V15_4_ECO_RELEASE_LEFT_I (0.000000 m),INP *Instance placement: identity (no data rows),PASS
V15_4_ECO_RELEASE_OUTLET_SLAB_I,V15_4_ECO_RELEASE_OUTLET_SLAB,ecological_release,"25.000000000,-15.400000000,3050.000000000;38.000000000,-2.900000000,3051.000000000","31.500000000,-9.150000000,3050.500000000",V15_4_ECO_RELEASE_APPROACH_SLAB_I (0.000000 m);V15_4_ECO_RELEASE_LINK_TO_BASIN_I (0.000000 m);V15_4_POWERHOUSE_UNIT_04_I (0.000000 m),INP *Instance placement: identity (no data rows),PASS
V15_4_ECO_RELEASE_LINK_TO_BASIN_I,V15_4_ECO_RELEASE_LINK_TO_BASIN,ecological_release,"25.000000000,-2.900000000,3049.000000000;38.000000000,6.850000000,3050.000000000","31.500000000,1.975000000,3049.500000000",V15_4_ECO_RELEASE_APPROACH_SLAB_I (0.000000 m);V15_4_ECO_RELEASE_OUTLET_SLAB_I (0.000000 m);V15_7_FOUNDATION_GEOLOGY_I (0.000000 m),INP *Instance placement: identity (no data rows),PASS
V15_4_LEFT_BANK_SUBDAM_I,V15_4_LEFT_BANK_SUBDAM,structural_concrete,"-70.850000000,-245.700000000,3059.000000000;-56.000000000,-156.000000000,3079.000000000","-63.425000000,-200.850000000,3069.000000000",V15_11_LEFT_COMPACTED_SAND_GRAVEL_I (0.000000 m);V15_4_FISHWAY_I (0.000000 m);V15_4_POWERHOUSE_INSTALLATION_BAY_I (0.000000 m),INP *Instance placement: identity (no data rows),PASS
V15_4_FISHWAY_I,V15_4_FISHWAY,fishway,"-68.850000000,-641.243955700,3053.000000000;441.250000000,-58.873689690,3076.000000000","186.200000000,-350.058822695,3064.500000000",V15_11_LEFT_COMPACTED_SAND_GRAVEL_I (0.000000 m);V15_4_FISHWAY_OUTLET_CHAMBER_I (0.000000 m);V15_4_FISHWAY_UPSTREAM_OUTLET_I (0.000000 m),INP *Instance placement: identity (no data rows),PASS
V15_4_FISHWAY_OUTLET_CHAMBER_I,V15_4_FISHWAY_OUTLET_CHAMBER,fishway,"-52.850000000,-503.678955900,3072.000000000;-48.850000000,-483.678955900,3078.000000000","-50.850000000,-493.678955900,3075.000000000",V15_4_FISHWAY_I (0.000000 m);V15_7_FOUNDATION_GEOLOGY_I (0.000000 m);V15_4_FISHWAY_UPSTREAM_OUTLET_I (137.565000 m),INP *Instance placement: identity (no data rows),PASS
V15_4_FISHWAY_UPSTREAM_OUTLET_I,V15_4_FISHWAY_UPSTREAM_OUTLET,fishway,"-52.850000000,-678.813955700,3074.000000000;-48.850000000,-641.243955700,3079.000000000","-50.850000000,-660.028955700,3076.500000000",V15_4_FISHWAY_I (0.000000 m);V15_7_FOUNDATION_GEOLOGY_I (0.000000 m);V15_4_FISHWAY_OUTLET_CHAMBER_I (137.565000 m),INP *Instance placement: identity (no data rows),PASS
V15_4_POWERHOUSE_SEDIMENT_FLUSHING_OUTLET_01_I,V15_4_POWERHOUSE_SEDIMENT_FLUSHING_OUTLET_01,powerhouse_or_installation,"-30.000000000,-96.600000000,3037.000000000;24.000000000,-94.100000000,3046.000000000","-3.000000000,-95.350000000,3041.500000000",V15_4_POWERHOUSE_UNIT_01_I (0.000000 m);V15_4_POWERHOUSE_UNIT_02_I (0.000000 m);V15_7_FOUNDATION_GEOLOGY_I (0.000000 m),INP *Instance placement: identity (no data rows),PASS
V15_4_POWERHOUSE_SEDIMENT_FLUSHING_OUTLET_02_I,V15_4_POWERHOUSE_SEDIMENT_FLUSHING_OUTLET_02,powerhouse_or_installation,"-30.000000000,-43.300000000,3037.000000000;24.000000000,-40.800000000,3046.000000000","-3.000000000,-42.050000000,3041.500000000",V15_4_POWERHOUSE_UNIT_03_I (0.000000 m);V15_4_POWERHOUSE_UNIT_04_I (0.000000 m);V15_7_FOUNDATION_GEOLOGY_I (0.000000 m),INP *Instance placement: identity (no data rows),PASS
V15_7_FOUNDATION_GEOLOGY_I,V15_7_FOUNDATION_GEOLOGY,foundation_geology,"-600.000000000,-1000.000000000,2600.000000000;900.000000000,850.000000000,3426.400000000","150.000000000,-75.000000000,3013.200000000",P25_SOLID_CUTOFF_WALL_F13-1 (0.000000 m);P25_SOLID_DAM_SHELL_GRAVEL_F02-1 (0.000000 m);P25_SOLID_DAM_SHELL_GRAVEL_F06-1 (0.000000 m),INP *Instance placement: identity (no data rows),PASS
V15_11_LEFT_COMPACTED_SAND_GRAVEL_I,V15_11_LEFT_COMPACTED_SAND_GRAVEL,engineered_backfill,"-70.850000000,-245.700000000,3025.030000000;-55.850000000,-120.000000000,3059.000000000","-63.350000000,-182.850000000,3042.015000000",V15_4_FISHWAY_I (0.000000 m);V15_4_LEFT_BANK_SUBDAM_I (0.000000 m);V15_4_POWERHOUSE_INSTALLATION_BAY_I (0.000000 m),INP *Instance placement: identity (no data rows),PASS
V15_12_LEFT_BANK_CUTOFF_WALL_I,V15_12_LEFT_BANK_CUTOFF_WALL,cutoff_wall,"-36.000000000,70.000000000,3021.000000000;-35.000000000,150.000000000,3073.510000000","-35.500000000,110.000000000,3047.255000000",V12_UPSTREAM_GEOMEMBRANE-1 (0.000000 m);V15_7_FOUNDATION_GEOLOGY_I (0.000000 m);P25_SOLID_CUTOFF_WALL_F13-1 (0.000038 m),INP *Instance placement: identity (no data rows),PASS
